code,name,category,institution,page
ZU-M-BAS,B Com Accounting Science,"1. ACCOUNTING, FINANCIAL MANAGEMENT",UNIVERSITIES AND UNIVERSITIES OF TECHNOLOGY,49
KN-P-BCN,B Com in Accounting,"1. ACCOUNTING, FINANCIAL MANAGEMENT",UNIVERSITIES AND UNIVERSITIES OF TECHNOLOGY,49
ZU-M-BCN,B Com in Accounting,"1. ACCOUNTING, FINANCIAL MANAGEMENT",UNIVERSITIES AND UNIVERSITIES OF TECHNOLOGY,49
KN-W-B5F,"Bachelor of Business Science
in Finance","1. ACCOUNTING, FINANCIAL MANAGEMENT",UNIVERSITIES AND UNIVERSITIES OF TECHNOLOGY,50
KN-W-B5I,"Bachelor of Business Science in
Investment Science","1. ACCOUNTING, FINANCIAL MANAGEMENT",UNIVERSITIES AND UNIVERSITIES OF TECHNOLOGY,50
KN-P-BCO,"Bachelor of Commerce
in Accounting (Extended
Curriculum)","1. ACCOUNTING, FINANCIAL MANAGEMENT",UNIVERSITIES AND UNIVERSITIES OF TECHNOLOGY,50
ZU-A-AAA,"B Com Augmented (Accounting
and Auditing)","1. ACCOUNTING, FINANCIAL MANAGEMENT",UNIVERSITIES AND UNIVERSITIES OF TECHNOLOGY,50
ZU-A-AB2,"B Com Augmented (Banking
and Business Management)","1. ACCOUNTING, FINANCIAL MANAGEMENT",UNIVERSITIES AND UNIVERSITIES OF TECHNOLOGY,50
ZU-A-ABU,"B Com Augmented (Business
Management and Accounting)","1. ACCOUNTING, FINANCIAL MANAGEMENT",UNIVERSITIES AND UNIVERSITIES OF TECHNOLOGY,50
ZU-A-ABE,"B Com Augmented (Business
Management and Economics)","1. ACCOUNTING, FINANCIAL MANAGEMENT",UNIVERSITIES AND UNIVERSITIES OF TECHNOLOGY,50
ZU-A-ABK,"B Com Augmented (Economics
and Banking)","1. ACCOUNTING, FINANCIAL MANAGEMENT",UNIVERSITIES AND UNIVERSITIES OF TECHNOLOGY,50
ZU-A-AHU,"B Com Augmented (Economics and
Human Resources Management)","1. ACCOUNTING, FINANCIAL MANAGEMENT",UNIVERSITIES AND UNIVERSITIES OF TECHNOLOGY,51
ZU-A-AHB,"B Com Augmented (Human
Resources Management and
Business Management)","1. ACCOUNTING, FINANCIAL MANAGEMENT",UNIVERSITIES AND UNIVERSITIES OF TECHNOLOGY,51
ZU-A-AMI,"B Com Augmented
(Management Info Systems)","1. ACCOUNTING, FINANCIAL MANAGEMENT",UNIVERSITIES AND UNIVERSITIES OF TECHNOLOGY,51
ZU-A-AES,"B Com Augmented (Accounting
& Economics)","1. ACCOUNTING, FINANCIAL MANAGEMENT",UNIVERSITIES AND UNIVERSITIES OF TECHNOLOGY,51
DU-D-DAT,Diploma in Accounting,"1. ACCOUNTING, FINANCIAL MANAGEMENT",UNIVERSITIES AND UNIVERSITIES OF TECHNOLOGY,51
MN-M-DAT,Diploma in Accounting,"1. ACCOUNTING, FINANCIAL MANAGEMENT",UNIVERSITIES AND UNIVERSITIES OF TECHNOLOGY,51
DU-D-DA4,"Diploma in Accounting (4 Year
Foundation Programme)","1. ACCOUNTING, FINANCIAL MANAGEMENT",UNIVERSITIES AND UNIVERSITIES OF TECHNOLOGY,52
MN-M-DA5,Diploma in Accounting (ECP),"1. ACCOUNTING, FINANCIAL MANAGEMENT",UNIVERSITIES AND UNIVERSITIES OF TECHNOLOGY,52
MN-M-DMN,"Diploma in Cost & Management
Accounting","1. ACCOUNTING, FINANCIAL MANAGEMENT",UNIVERSITIES AND UNIVERSITIES OF TECHNOLOGY,52
DU-D-DIA,Diploma in Internal Auditing,"1. ACCOUNTING, FINANCIAL MANAGEMENT",UNIVERSITIES AND UNIVERSITIES OF TECHNOLOGY,53
DU-D-DI4,"Diploma in Internal Auditing
(4 Year Foundation Programme)","1. ACCOUNTING, FINANCIAL MANAGEMENT",UNIVERSITIES AND UNIVERSITIES OF TECHNOLOGY,53
MN-M-DGF,"Diploma in Local Government
Finance","1. ACCOUNTING, FINANCIAL MANAGEMENT",UNIVERSITIES AND UNIVERSITIES OF TECHNOLOGY,53
DU-D-MAC,"Diploma in Management
Accounting","1. ACCOUNTING, FINANCIAL MANAGEMENT",UNIVERSITIES AND UNIVERSITIES OF TECHNOLOGY,54
MN-M-DFP,"Diploma in Public Finance &
Accounting","1. ACCOUNTING, FINANCIAL MANAGEMENT",UNIVERSITIES AND UNIVERSITIES OF TECHNOLOGY,54
MN-M-DFY,"Diploma in Public Finance &
Accounting (ECP)","1. ACCOUNTING, FINANCIAL MANAGEMENT",UNIVERSITIES AND UNIVERSITIES OF TECHNOLOGY,56
DU-D-DTA,Diploma in Taxation,"1. ACCOUNTING, FINANCIAL MANAGEMENT",UNIVERSITIES AND UNIVERSITIES OF TECHNOLOGY,56
DU-D-DT6,"Diploma in Taxation
(4 Year Foundation Programme)","1. ACCOUNTING, FINANCIAL MANAGEMENT",UNIVERSITIES AND UNIVERSITIES OF TECHNOLOGY,56
MN-M-ADG,"Advanced Diploma in
Accounting","1. ACCOUNTING, FINANCIAL MANAGEMENT",UNIVERSITIES AND UNIVERSITIES OF TECHNOLOGY,56
MN-M-AMA,"Advanced Diploma in Cost and
Management Accounting","1. ACCOUNTING, FINANCIAL MANAGEMENT",UNIVERSITIES AND UNIVERSITIES OF TECHNOLOGY,56
ZU-R-AC2,H Cert Accountancy,"1. ACCOUNTING, FINANCIAL MANAGEMENT",UNIVERSITIES AND UNIVERSITIES OF TECHNOLOGY,57
MC-D-BCF,B Com Financial Management,"1. ACCOUNTING, FINANCIAL MANAGEMENT",PRIVATE COLLEGES,57
MC-D-BCN,B Com in Accounting,"1. ACCOUNTING, FINANCIAL MANAGEMENT",PRIVATE COLLEGES,57
BC-D-BIA,"Bachelor of Commerce in
Accounting","1. ACCOUNTING, FINANCIAL MANAGEMENT",PRIVATE COLLEGES,58
RB-D-BCN,B Com in Accounting,"1. ACCOUNTING, FINANCIAL MANAGEMENT",PRIVATE COLLEGES,58
PE-B-BIA,"Bachelor of Commerce in
Accounting","1. ACCOUNTING, FINANCIAL MANAGEMENT",PRIVATE COLLEGES,58
PE-B-BDI,"Bachelor of Commerce in
Accounting (Distance Mode)","1. ACCOUNTING, FINANCIAL MANAGEMENT",PRIVATE COLLEGES,59
EM-B-BIA,"Bachelor of Commerce in
Accounting","1. ACCOUNTING, FINANCIAL MANAGEMENT",PRIVATE COLLEGES,59
BC-D-DAT,Diploma in Accounting,"1. ACCOUNTING, FINANCIAL MANAGEMENT",PRIVATE COLLEGES,60
RB-D-PFM,Dip Financial Management,"1. ACCOUNTING, FINANCIAL MANAGEMENT",PRIVATE COLLEGES,60
MC-D-CFP,Adv Cert in Financial Planning,"1. ACCOUNTING, FINANCIAL MANAGEMENT",PRIVATE COLLEGES,60
MC-D-PAC,H Cert Accounting,"1. ACCOUNTING, FINANCIAL MANAGEMENT",PRIVATE COLLEGES,61
MC-D-CTA,H Cert Tax Administration,"1. ACCOUNTING, FINANCIAL MANAGEMENT",PRIVATE COLLEGES,61
BT-D-MFA,"Further Education and Training
Certificate: Municipal Finance
and Administration","1. ACCOUNTING, FINANCIAL MANAGEMENT",PRIVATE COLLEGES,61
RB-D-PAC,H Cert Accounting,"1. ACCOUNTING, FINANCIAL MANAGEMENT",PRIVATE COLLEGES,61
RB-D-HIF,"H Cert in Islamic Finance,
Banking and Law","1. ACCOUNTING, FINANCIAL MANAGEMENT",PRIVATE COLLEGES,61
BC-D-HAG,Higher Certificate in Accounting,"1. ACCOUNTING, FINANCIAL MANAGEMENT",PRIVATE COLLEGES,62
RB-D-4DA,P G Dip in Accounting,"1. ACCOUNTING, FINANCIAL MANAGEMENT",PRIVATE COLLEGES,62
RB-D-IFB,"P G Dip Islamic Finance and
Banking","1. ACCOUNTING, FINANCIAL MANAGEMENT",PRIVATE COLLEGES,62
BT-D-NFM,"N N Dip Financial
Management","1. ACCOUNTING, FINANCIAL MANAGEMENT",PRIVATE COLLEGES,62
PX-D-FMD,"National N Diploma:
Financial Management
(NQF 6)","1. ACCOUNTING, FINANCIAL MANAGEMENT",PRIVATE COLLEGES,62
DC-B-PMF,"N Cert Financial
Management N4, N5, N6","1. ACCOUNTING, FINANCIAL MANAGEMENT",PRIVATE COLLEGES,63
DC-B-PMY,"N Cert Financial
Management N4, N5, N6
(p/t)","1. ACCOUNTING, FINANCIAL MANAGEMENT",PRIVATE COLLEGES,63
PX-D-FMC,"National Certificate:
Financial Management (N4,
N5, N6)","1. ACCOUNTING, FINANCIAL MANAGEMENT",PRIVATE COLLEGES,63
RB-D-AFM,"Adv Dip in Financial
Management","1. ACCOUNTING, FINANCIAL MANAGEMENT",PRIVATE COLLEGES,64
PE-B-BGA,"BSc Access Programme
(Accounting)","1. ACCOUNTING, FINANCIAL MANAGEMENT",PRIVATE COLLEGES,64
KN-W-BAD,B Admin,2. ADMINISTRATION,UNIVERSITIES AND UNIVERSITIES OF TECHNOLOGY,65
ZU-M-PAB,"B Admin: Public Administration
and Business Management",2. ADMINISTRATION,UNIVERSITIES AND UNIVERSITIES OF TECHNOLOGY,65
ZU-M-BAE,"B Admin: Public Administration
and Economics",2. ADMINISTRATION,UNIVERSITIES AND UNIVERSITIES OF TECHNOLOGY,65
ZU-M-PHU,"B Admin: Public Administration
and Human Resources",2. ADMINISTRATION,UNIVERSITIES AND UNIVERSITIES OF TECHNOLOGY,65
ZU-M-PAP,"B Admin: Public Administration
and Political Science",2. ADMINISTRATION,UNIVERSITIES AND UNIVERSITIES OF TECHNOLOGY,65
KN-P-BBA,B Business Administration,2. ADMINISTRATION,UNIVERSITIES AND UNIVERSITIES OF TECHNOLOGY,65
DU-D-BI3,"Dip Business & Information
Management",2. ADMINISTRATION,UNIVERSITIES AND UNIVERSITIES OF TECHNOLOGY,66
DU-D-BI4,"Diploma in Business and
Information
(4 Year Foundation Programme)",2. ADMINISTRATION,UNIVERSITIES AND UNIVERSITIES OF TECHNOLOGY,66
MN-M-DOT,"Diploma in Office Management
& Technology",2. ADMINISTRATION,UNIVERSITIES AND UNIVERSITIES OF TECHNOLOGY,67
MC-D-BBA,B Business Administration,2. ADMINISTRATION,PRIVATE COLLEGES,67
RB-D-BBA,B Business Administration,2. ADMINISTRATION,PRIVATE COLLEGES,68
RG-D-BBA,B Business Administration,2. ADMINISTRATION,PRIVATE COLLEGES,68
RB-D-BPI,B Public Administration,2. ADMINISTRATION,PRIVATE COLLEGES,68
EM-K-ADM,"Bachelor of Business
Administration",2. ADMINISTRATION,PRIVATE COLLEGES,68
PE-M-ADM,"Bachelor of Business
Administration",2. ADMINISTRATION,PRIVATE COLLEGES,68
BC-D-PAD,"Bachelor of Business
Administration",2. ADMINISTRATION,PRIVATE COLLEGES,68
RG-D-PDS,"Dip Business Administration
(3 yr)",2. ADMINISTRATION,PRIVATE COLLEGES,69
RG-D-PAA,"Adv Cert Business
Administration",2. ADMINISTRATION,PRIVATE COLLEGES,69
RG-D-PAR,Adv Cert Commerce,2. ADMINISTRATION,PRIVATE COLLEGES,69
RG-D-PHA,H Cert Business Administration,2. ADMINISTRATION,PRIVATE COLLEGES,69
RG-D-POF,H Cert Office Administration,2. ADMINISTRATION,PRIVATE COLLEGES,69
RG-D-PHJ,"H Cert Business Administration
(Distance)",2. ADMINISTRATION,PRIVATE COLLEGES,69
RG-D-PRP,"H Cert in Recognition of Prior
Learning Activities (RPL)",2. ADMINISTRATION,PRIVATE COLLEGES,69
MC-D-HBB,Hons B Business Administration,2. ADMINISTRATION,PRIVATE COLLEGES,70
MC-D-HPA,Hons B Public Administration,2. ADMINISTRATION,PRIVATE COLLEGES,70
EM-X-BBH,"Bachelor of Business
Administration (Honours)",2. ADMINISTRATION,PRIVATE COLLEGES,70
MC-D-DBA,"D B A (Doctor of Business
Administration)",2. ADMINISTRATION,PRIVATE COLLEGES,70
DC-B-PMV,"N Cert Management Assistant
N4, N5, N6 (p/t)",2. ADMINISTRATION,PRIVATE COLLEGES,71
PX-D-CMA,"National Certificate:
Management Assistant
(N4, N5,N6)",2. ADMINISTRATION,PRIVATE COLLEGES,71
BT-D-DLS,N N Dip Legal Secretary,2. ADMINISTRATION,PRIVATE COLLEGES,71
BT-D-DMG,N N Dip Management Assistant,2. ADMINISTRATION,PRIVATE COLLEGES,71
BT-D-DMS,N N Dip Medical Secretary,2. ADMINISTRATION,PRIVATE COLLEGES,71
PX-D-NMA,"National N Diploma:
Management Assistant (NQF 6)",2. ADMINISTRATION,PRIVATE COLLEGES,72
EM-B-HBU,"Higher Certificate in Business
Accounts Administration",2. ADMINISTRATION,PRIVATE COLLEGES,72
ZU-M-ARO,"B A Environmental Planning &
Development",3. AGRICULTURE/NATURE CONSERVATION,UNIVERSITIES AND UNIVERSITIES OF TECHNOLOGY,73
KN-P-BAQ,B Agricultural Management,3. AGRICULTURE/NATURE CONSERVATION,UNIVERSITIES AND UNIVERSITIES OF TECHNOLOGY,73
KN-P-BSP,B Sc Agric Plant Pathology,3. AGRICULTURE/NATURE CONSERVATION,UNIVERSITIES AND UNIVERSITIES OF TECHNOLOGY,73
KN-P-BSI,B Sc Agric Soil Science,3. AGRICULTURE/NATURE CONSERVATION,UNIVERSITIES AND UNIVERSITIES OF TECHNOLOGY,73
KN-P-BSB,B Sc Agric: Agri-Business,3. AGRICULTURE/NATURE CONSERVATION,UNIVERSITIES AND UNIVERSITIES OF TECHNOLOGY,73
KN-P-SAE,"B Sc Agric: Agricultural
Economics",3. AGRICULTURE/NATURE CONSERVATION,UNIVERSITIES AND UNIVERSITIES OF TECHNOLOGY,73
KN-P-SAP,"B Sc Agric: Agricultural Plant
Sciences",3. AGRICULTURE/NATURE CONSERVATION,UNIVERSITIES AND UNIVERSITIES OF TECHNOLOGY,73
ZU-M-SCA,B Sc Agric: Agronomy,3. AGRICULTURE/NATURE CONSERVATION,UNIVERSITIES AND UNIVERSITIES OF TECHNOLOGY,74
KN-P-SAA,"B Sc Agric: Animal & Poultry
Science",3. AGRICULTURE/NATURE CONSERVATION,UNIVERSITIES AND UNIVERSITIES OF TECHNOLOGY,74
ZU-M-SCK,B Sc Agric: Animal Science,3. AGRICULTURE/NATURE CONSERVATION,UNIVERSITIES AND UNIVERSITIES OF TECHNOLOGY,74
ZU-M-SCJ,"B Sc Agricultural Economics:
Agribusiness Management",3. AGRICULTURE/NATURE CONSERVATION,UNIVERSITIES AND UNIVERSITIES OF TECHNOLOGY,74
KN-P-SIH,"B Sc Crop & Horticultural
Science",3. AGRICULTURE/NATURE CONSERVATION,UNIVERSITIES AND UNIVERSITIES OF TECHNOLOGY,74
KN-P-EES,"B Sc Environmental Earth
Science",3. AGRICULTURE/NATURE CONSERVATION,UNIVERSITIES AND UNIVERSITIES OF TECHNOLOGY,74
KN-P-BSS,B Sc Environmental Science,3. AGRICULTURE/NATURE CONSERVATION,UNIVERSITIES AND UNIVERSITIES OF TECHNOLOGY,74
KN-H-SGE,"B Soc Sc Geography &
Environmental Management",3. AGRICULTURE/NATURE CONSERVATION,UNIVERSITIES AND UNIVERSITIES OF TECHNOLOGY,75
MN-M-BNT,"Bachelor of Applied Science in
Nature Conservation",3. AGRICULTURE/NATURE CONSERVATION,UNIVERSITIES AND UNIVERSITIES OF TECHNOLOGY,75
MN-M-DPN,"Diploma in Agriculture:
Animal Production",3. AGRICULTURE/NATURE CONSERVATION,UNIVERSITIES AND UNIVERSITIES OF TECHNOLOGY,75
MN-M-DP5,"Diploma in Agriculture:
Animal Production (ECP)",3. AGRICULTURE/NATURE CONSERVATION,UNIVERSITIES AND UNIVERSITIES OF TECHNOLOGY,75
MN-M-DCP,"Diploma in Agriculture:
Crop Production",3. AGRICULTURE/NATURE CONSERVATION,UNIVERSITIES AND UNIVERSITIES OF TECHNOLOGY,75
MN-M-DC4,"Diploma in Agriculture:
Crop Production (ECP)",3. AGRICULTURE/NATURE CONSERVATION,UNIVERSITIES AND UNIVERSITIES OF TECHNOLOGY,75
MN-M-DCX,"Diploma in Community
Extension",3. AGRICULTURE/NATURE CONSERVATION,UNIVERSITIES AND UNIVERSITIES OF TECHNOLOGY,76
MN-M-DCN,"Diploma in Nature
Conservation",3. AGRICULTURE/NATURE CONSERVATION,UNIVERSITIES AND UNIVERSITIES OF TECHNOLOGY,76
DU-D-SHL,"Diploma in Sustainable
Horticulture and Landscaping",3. AGRICULTURE/NATURE CONSERVATION,UNIVERSITIES AND UNIVERSITIES OF TECHNOLOGY,76
MN-M-DP6,"Adv Dip Agriculture:
Animal Production",3. AGRICULTURE/NATURE CONSERVATION,UNIVERSITIES AND UNIVERSITIES OF TECHNOLOGY,76
MN-M-AED,"Adv Dip in Agricultural Extension
and Community Development",3. AGRICULTURE/NATURE CONSERVATION,UNIVERSITIES AND UNIVERSITIES OF TECHNOLOGY,77
MN-M-ANC,Adv Dip Nature Conservation,3. AGRICULTURE/NATURE CONSERVATION,UNIVERSITIES AND UNIVERSITIES OF TECHNOLOGY,77
MN-M-ACP,"Advanced Diploma in
Agriculture: Crop Production",3. AGRICULTURE/NATURE CONSERVATION,UNIVERSITIES AND UNIVERSITIES OF TECHNOLOGY,77
MN-M-NC6,Master of Nature Conservation,3. AGRICULTURE/NATURE CONSERVATION,UNIVERSITIES AND UNIVERSITIES OF TECHNOLOGY,77
MN-M-GNC,"Postgraduate Diploma in
Nature Conservation",3. AGRICULTURE/NATURE CONSERVATION,UNIVERSITIES AND UNIVERSITIES OF TECHNOLOGY,77
ZU-M-BIC,"B A (Intercultural
Communication)",4. COMMUNICATION/JOURNALISM,UNIVERSITIES AND UNIVERSITIES OF TECHNOLOGY,78
DU-C-BJO,Bachelor of Journalism,4. COMMUNICATION/JOURNALISM,UNIVERSITIES AND UNIVERSITIES OF TECHNOLOGY,78
DU-D-DLP,Diploma in Language Practice,4. COMMUNICATION/JOURNALISM,UNIVERSITIES AND UNIVERSITIES OF TECHNOLOGY,78
ZU-R-MD4,Dip Media Studies,4. COMMUNICATION/JOURNALISM,UNIVERSITIES AND UNIVERSITIES OF TECHNOLOGY,78
MC-D-BR6,"B Com Corporate
Communication",4. COMMUNICATION/JOURNALISM,PRIVATE COLLEGES,79
MC-D-SAC,"H Cert Social Media and
Communication",4. COMMUNICATION/JOURNALISM,PRIVATE COLLEGES,79
KN-H-BSL,B Sc Land Surveying,5. CONSTRUCTION/SURVEYING,UNIVERSITIES AND UNIVERSITIES OF TECHNOLOGY,80
DU-D-BBU,"Bachelor of the Built
Environment in Construction
Studies",5. CONSTRUCTION/SURVEYING,UNIVERSITIES AND UNIVERSITIES OF TECHNOLOGY,80
DU-D-BBE,"Bachelor of the Built
Environment in Geomatics",5. CONSTRUCTION/SURVEYING,UNIVERSITIES AND UNIVERSITIES OF TECHNOLOGY,80
MN-M-DBU,Diploma in Building,5. CONSTRUCTION/SURVEYING,UNIVERSITIES AND UNIVERSITIES OF TECHNOLOGY,81
MN-M-BU7,Diploma in Building (ECP),5. CONSTRUCTION/SURVEYING,UNIVERSITIES AND UNIVERSITIES OF TECHNOLOGY,81
DU-I-DBE,"Diploma in Built Environment
in Construction Studies",5. CONSTRUCTION/SURVEYING,UNIVERSITIES AND UNIVERSITIES OF TECHNOLOGY,82
MN-M-DSV,Diploma in Surveying,5. CONSTRUCTION/SURVEYING,UNIVERSITIES AND UNIVERSITIES OF TECHNOLOGY,82
MN-M-DS5,Diploma in Surveying (ECP),5. CONSTRUCTION/SURVEYING,UNIVERSITIES AND UNIVERSITIES OF TECHNOLOGY,83
MN-M-BUB,Access Course Building,5. CONSTRUCTION/SURVEYING,UNIVERSITIES AND UNIVERSITIES OF TECHNOLOGY,83
MN-M-SVB,Access Course Surveying,5. CONSTRUCTION/SURVEYING,UNIVERSITIES AND UNIVERSITIES OF TECHNOLOGY,83
ZU-M-ARM,B A (Correctional Studies),6. CRIME PREVENTION AND SECURITY,UNIVERSITIES AND UNIVERSITIES OF TECHNOLOGY,84
EM-K-BHE,Bachelor of Policing Practices,6. CRIME PREVENTION AND SECURITY,PRIVATE COLLEGES,84
EM-X-DIP,Diploma in Policing,6. CRIME PREVENTION AND SECURITY,PRIVATE COLLEGES,85
RG-D-CCF,"Higher Certificate in Computer
Forensics",6. CRIME PREVENTION AND SECURITY,PRIVATE COLLEGES,85
BT-D-CSM,Cert Security Management,6. CRIME PREVENTION AND SECURITY,PRIVATE COLLEGES,85
EM-K-BHP,"Bachelor of Policing Practices
(Honours)",6. CRIME PREVENTION AND SECURITY,PRIVATE COLLEGES,86
EM-K-DDP,Doctor of Policing,6. CRIME PREVENTION AND SECURITY,PRIVATE COLLEGES,86
EM-K-MMP,Master of Policing Practices,6. CRIME PREVENTION AND SECURITY,PRIVATE COLLEGES,86
KN-E-BFP,"B Ed (Foundation Phase)
Grade R - 3",7. EDUCATION,UNIVERSITIES AND UNIVERSITIES OF TECHNOLOGY,87
KN-E-BIP,"B Ed (Intermediate Phase)
Grade 4 - 6",7. EDUCATION,UNIVERSITIES AND UNIVERSITIES OF TECHNOLOGY,87
KN-E-FET,"B Ed (Senior Phase/Further
Education & Training)
Grade 7 - 12",7. EDUCATION,UNIVERSITIES AND UNIVERSITIES OF TECHNOLOGY,87
ZU-M-FPT,"Bachelor of Education in
Foundation Phase Teaching",7. EDUCATION,UNIVERSITIES AND UNIVERSITIES OF TECHNOLOGY,87
ZU-M-ILH,"Bachelor of Education in
Intermediate Phase Teaching:
Languages and Humanities",7. EDUCATION,UNIVERSITIES AND UNIVERSITIES OF TECHNOLOGY,88
ZU-M-ILM,"Bachelor of Education in
Intermediate Phase Teaching:
Languages, Maths, Natural
Science & Technology",7. EDUCATION,UNIVERSITIES AND UNIVERSITIES OF TECHNOLOGY,88
DU-I-EDE,"Bachelor of Education in
Senior Phase & FET Teaching:
Economic and Management
Sciences",7. EDUCATION,UNIVERSITIES AND UNIVERSITIES OF TECHNOLOGY,88
DU-I-EET,"Bachelor of Education in Senior
Phase & Further Education &
Training Teaching: Electrical
Technology",7. EDUCATION,UNIVERSITIES AND UNIVERSITIES OF TECHNOLOGY,88
DU-I-EMT,"Bachelor of Education in Senior
Phase & Further Education &
Training Teaching: Mechanical
Technology",7. EDUCATION,UNIVERSITIES AND UNIVERSITIES OF TECHNOLOGY,89
DU-I-EDL,"Bachelor of Education in Senior
Phase & Further Education and
Training Teaching: Languages",7. EDUCATION,UNIVERSITIES AND UNIVERSITIES OF TECHNOLOGY,89
DU-I-EDN,"Bachelor of Education in Senior
Phase & Further Education
and Training Teaching: Natural
Sciences",7. EDUCATION,UNIVERSITIES AND UNIVERSITIES OF TECHNOLOGY,90
DU-I-ECT,"Bachelor of Education in Senior
Phase and Further Education
and Training Teaching: Civil
Technology",7. EDUCATION,UNIVERSITIES AND UNIVERSITIES OF TECHNOLOGY,90
MC-C-SFT,"Bachelor of Education in Senior
Phase and Further Education
and Training Teaching",7. EDUCATION,PRIVATE COLLEGES,91
EM-D-FPT,"Bachelor of Education in
Foundation Phase Teaching",7. EDUCATION,PRIVATE COLLEGES,91
EM-B-IPT,"Bachelor of Education in
Intermediate Phase Teaching",7. EDUCATION,PRIVATE COLLEGES,91
MC-D-PGE,"P G Cert in Education in Further
Education and Training Teaching",7. EDUCATION,PRIVATE COLLEGES,92
RB-D-PEM,"P G Dip Educational
Management & Leadership",7. EDUCATION,PRIVATE COLLEGES,92
EM-D-SFP,"Postgraduate Certificate in
Education for Senior and FET
Phase",7. EDUCATION,PRIVATE COLLEGES,92
BC-D-PGO,"Postgraduate Certificate in
Education (PGCE) in Further
Education and Training Teaching",7. EDUCATION,PRIVATE COLLEGES,92
BC-D-PGY,"Postgraduate Certificate in
Education (PGCE) in Further
Education and Training
Teaching (pt)",7. EDUCATION,PRIVATE COLLEGES,93
EM-D-HPE,"Higher Certificate in Pre-School
Education",7. EDUCATION,PRIVATE COLLEGES,93
EM-D-HIE,"Bachelor of Education Honours
in Inclusive Education",7. EDUCATION,PRIVATE COLLEGES,93
MC-D-HE7,"Bachelor of Education Honours
in Mathematics",7. EDUCATION,PRIVATE COLLEGES,94
PX-D-DE6,"National N Diploma Educare
(NQF 6)",7. EDUCATION,PRIVATE COLLEGES,94
PX-D-EDC,"National Certificate: Educare
(N4, N5, N6)",7. EDUCATION,PRIVATE COLLEGES,95
EM-X-TVT,"Advanced Diploma in Technical
and Vocational Teaching",7. EDUCATION,PRIVATE COLLEGES,95
ZU-R-BOE,"B Eng Electrical Engineering
and Computer Engineering",8. ENGINEERING,UNIVERSITIES AND UNIVERSITIES OF TECHNOLOGY,96
ZU-R-BEZ,B Eng Electrical Engineering,8. ENGINEERING,UNIVERSITIES AND UNIVERSITIES OF TECHNOLOGY,96
ZU-R-BMZ,B Eng Mechanical Engineering,8. ENGINEERING,UNIVERSITIES AND UNIVERSITIES OF TECHNOLOGY,96
KN-P-BEA,B Sc Engineering: Agricultural,8. ENGINEERING,UNIVERSITIES AND UNIVERSITIES OF TECHNOLOGY,96
KN-H-BEC,B Sc Engineering: Chemical,8. ENGINEERING,UNIVERSITIES AND UNIVERSITIES OF TECHNOLOGY,96
KN-H-BEV,B Sc Engineering: Civil,8. ENGINEERING,UNIVERSITIES AND UNIVERSITIES OF TECHNOLOGY,96
KN-H-BEK,B Sc Engineering: Computer,8. ENGINEERING,UNIVERSITIES AND UNIVERSITIES OF TECHNOLOGY,96
KN-H-BEE,B Sc Engineering: Electrical,8. ENGINEERING,UNIVERSITIES AND UNIVERSITIES OF TECHNOLOGY,96
KN-P-BEE,B Sc Engineering: Electrical,8. ENGINEERING,UNIVERSITIES AND UNIVERSITIES OF TECHNOLOGY,97
KN-H-BEF,B Sc Engineering: Electronic,8. ENGINEERING,UNIVERSITIES AND UNIVERSITIES OF TECHNOLOGY,97
KN-H-BEM,B Sc Engineering: Mechanical,8. ENGINEERING,UNIVERSITIES AND UNIVERSITIES OF TECHNOLOGY,97
DU-D-ECH,"Bachelor of Engineering
Technology in Chemical
Engineering",8. ENGINEERING,UNIVERSITIES AND UNIVERSITIES OF TECHNOLOGY,97
DU-D-BNC,"Bachelor of Engineering
Technology in Civil Engineering",8. ENGINEERING,UNIVERSITIES AND UNIVERSITIES OF TECHNOLOGY,98
DU-D-BGL,"Bachelor of Engineering
Technology in Electronic
Engineering",8. ENGINEERING,UNIVERSITIES AND UNIVERSITIES OF TECHNOLOGY,98
DU-D-BIE,"Bachelor of Engineering
Technology in Industrial
Engineering",8. ENGINEERING,UNIVERSITIES AND UNIVERSITIES OF TECHNOLOGY,98
DU-D-BGM,"Bachelor of Engineering
Technology in Mechanical
Engineering",8. ENGINEERING,UNIVERSITIES AND UNIVERSITIES OF TECHNOLOGY,99
DU-D-BGH,"Bachelor of Engineering
Technology in Power
Engineering",8. ENGINEERING,UNIVERSITIES AND UNIVERSITIES OF TECHNOLOGY,99
ZU-R-BM7,B Eng Mechatronic Engineering,8. ENGINEERING,UNIVERSITIES AND UNIVERSITIES OF TECHNOLOGY,99
MN-M-DCE,"Diploma in Chemical
Engineering",8. ENGINEERING,UNIVERSITIES AND UNIVERSITIES OF TECHNOLOGY,100
MN-M-DCV,Diploma in Civil Engineering,8. ENGINEERING,UNIVERSITIES AND UNIVERSITIES OF TECHNOLOGY,100
MN-M-DC5,"Diploma in Civil Engineering
(ECP)",8. ENGINEERING,UNIVERSITIES AND UNIVERSITIES OF TECHNOLOGY,100
MN-M-DEE,"Diploma in Electrical
Engineering",8. ENGINEERING,UNIVERSITIES AND UNIVERSITIES OF TECHNOLOGY,101
MN-M-DE5,"Diploma in Electrical
Engineering (ECP)",8. ENGINEERING,UNIVERSITIES AND UNIVERSITIES OF TECHNOLOGY,101
DU-I-DNC,"Diploma in Engineering
Technology in Civil Engineering",8. ENGINEERING,UNIVERSITIES AND UNIVERSITIES OF TECHNOLOGY,101
MN-M-DME,"Diploma in Mechanical
Engineering",8. ENGINEERING,UNIVERSITIES AND UNIVERSITIES OF TECHNOLOGY,102
MN-M-DM5,"Diploma in Mechanical
Engineering (ECP)",8. ENGINEERING,UNIVERSITIES AND UNIVERSITIES OF TECHNOLOGY,102
MN-M-CEB,"Access Course Chemical
Engineering",8. ENGINEERING,UNIVERSITIES AND UNIVERSITIES OF TECHNOLOGY,103
MN-M-CVB,"Access Course Civil
Engineering",8. ENGINEERING,UNIVERSITIES AND UNIVERSITIES OF TECHNOLOGY,103
MN-M-EEB,"Access Course Electrical
Engineering",8. ENGINEERING,UNIVERSITIES AND UNIVERSITIES OF TECHNOLOGY,103
MN-M-MEB,"Access Course Mechanical
Engineering",8. ENGINEERING,UNIVERSITIES AND UNIVERSITIES OF TECHNOLOGY,104
KN-H-UNT,"BSc Engineering Extended
Programme (UNITE)",8. ENGINEERING,UNIVERSITIES AND UNIVERSITIES OF TECHNOLOGY,104
MN-M-ADC,"Advanced Diploma in Chemical
Engineering",8. ENGINEERING,UNIVERSITIES AND UNIVERSITIES OF TECHNOLOGY,104
MN-M-AME,"Advanced Diploma in
Mechanical Engineering",8. ENGINEERING,UNIVERSITIES AND UNIVERSITIES OF TECHNOLOGY,104
BT-D-DCB,"Dip Construction Technology:
Building Surveying",8. ENGINEERING,PRIVATE COLLEGES,105
BT-D-DAL,Diploma: Analytical Chemistry,8. ENGINEERING,PRIVATE COLLEGES,105
BT-D-DAR,Diploma: Architectural Draughting,8. ENGINEERING,PRIVATE COLLEGES,105
BT-D-DMO,Diploma: Motor Engineering,8. ENGINEERING,PRIVATE COLLEGES,105
BC-D-HEL,"Higher Certificate in
Engineering in Electrical
Engineering",8. ENGINEERING,PRIVATE COLLEGES,105
DC-B-PEF,"N Cert Engineering Foundation
N1, N2",8. ENGINEERING,PRIVATE COLLEGES,105
DC-B-PCL,N Cert Engineering: Chemical N3,8. ENGINEERING,PRIVATE COLLEGES,106
DC-B-PCV,N Cert Engineering: Civil N3,8. ENGINEERING,PRIVATE COLLEGES,106
DC-B-PER,N Cert Engineering: Electrical N3,8. ENGINEERING,PRIVATE COLLEGES,106
DC-B-PML,N Cert Engineering: Mechanical N3,8. ENGINEERING,PRIVATE COLLEGES,106
BT-D-DCH,N N Dip Chemical Engineering,8. ENGINEERING,PRIVATE COLLEGES,107
BT-D-NNC,N N Dip Civil Engineering,8. ENGINEERING,PRIVATE COLLEGES,107
BT-D-DEH,"N N Dip Electrical Engineering
(Heavy Current)",8. ENGINEERING,PRIVATE COLLEGES,107
BT-D-DEL,"N N Dip Electrical Engineering
(Light Current)",8. ENGINEERING,PRIVATE COLLEGES,107
PX-D-CV8,"National N Diploma:
Engineering Civil (NQF 6)",8. ENGINEERING,PRIVATE COLLEGES,107
PX-D-ELD,"National N Diploma:
Engineering Electrical (NQF 6)",8. ENGINEERING,PRIVATE COLLEGES,107
PX-D-MC6,"National N Diploma:
Engineering Mechanical
(NQF 6)",8. ENGINEERING,PRIVATE COLLEGES,107
DC-B-PCH,"N Cert Engineering: Chemical
N4, N5, N6",8. ENGINEERING,PRIVATE COLLEGES,107
DC-B-PCZ,"N Cert Engineering: Chemical
N4, N5, N6 (p/t)",8. ENGINEERING,PRIVATE COLLEGES,108
DC-B-PCE,"N Cert Engineering: Civil
N4, N5, N6",8. ENGINEERING,PRIVATE COLLEGES,108
DC-B-PCY,"N Cert Engineering: Civil
N4, N5, N6 (p/t)",8. ENGINEERING,PRIVATE COLLEGES,108
DC-B-PEE,"N Cert Engineering: Electrical
N4, N5, N6",8. ENGINEERING,PRIVATE COLLEGES,108
DC-B-PEX,"N Cert Engineering: Electrical
N4, N5, N6 (p/t)",8. ENGINEERING,PRIVATE COLLEGES,109
DC-B-PME,"N Cert Engineering: Mechanical
N4, N5, N6",8. ENGINEERING,PRIVATE COLLEGES,109
DC-B-PMW,"N Cert Engineering: Mechanical
N4, N5, N6 (p/t)",8. ENGINEERING,PRIVATE COLLEGES,109
PX-D-VC1,"National Certificate:
Engineering Civil (N1 & N2)",8. ENGINEERING,PRIVATE COLLEGES,109
PX-D-VC3,"National Certificate:
Engineering Civil (N3 & N4)",8. ENGINEERING,PRIVATE COLLEGES,109
PX-D-VC5,"National Certificate:
Engineering Civil (N5 & N6)",8. ENGINEERING,PRIVATE COLLEGES,109
PX-D-EL1,"National Certificate: Engineering
Electrical (N1 & N2)",8. ENGINEERING,PRIVATE COLLEGES,110
PX-D-EI3,"National Certificate: Engineering
Electrical (N3 & N4)",8. ENGINEERING,PRIVATE COLLEGES,110
PX-D-EL5,"National Certificate:
Engineering Electrical
(N5 & N6)",8. ENGINEERING,PRIVATE COLLEGES,110
PX-D-MC2,"National Certificate:
Engineering Mechanical
(N1 & N2)",8. ENGINEERING,PRIVATE COLLEGES,110
PX-D-MC3,"National Certificate:
Engineering Mechanical
(N3 & N4)",8. ENGINEERING,PRIVATE COLLEGES,110
PX-D-MC5,"National Certificate:
Engineering Mechanical
(N5 & N6)",8. ENGINEERING,PRIVATE COLLEGES,110
PX-D-CVF,"National Certificate:
Engineering Civil (N3)",8. ENGINEERING,PRIVATE COLLEGES,111
PX-D-ELF,"National Certificate:
Engineering Electrical (N3)",8. ENGINEERING,PRIVATE COLLEGES,111
PX-D-FEC,"National Certificate:
Engineering Foundation
(N1, N2)",8. ENGINEERING,PRIVATE COLLEGES,111
PX-D-MCF,"National Certificate:
Engineering Mechanical (N3)",8. ENGINEERING,PRIVATE COLLEGES,111
KN-H-BAR,B Architectural Studies,9. HOUSING DEVELOPMENT,UNIVERSITIES AND UNIVERSITIES OF TECHNOLOGY,112
ZU-M-BPE,"B Consumer Science: Extension
& Rural Development",9. HOUSING DEVELOPMENT,UNIVERSITIES AND UNIVERSITIES OF TECHNOLOGY,112
KN-H-SOR,B Soc Sc Housing,9. HOUSING DEVELOPMENT,UNIVERSITIES AND UNIVERSITIES OF TECHNOLOGY,112
DU-D-BUR,"Bachelor Built Environment:
Urban and Regional Planning",9. HOUSING DEVELOPMENT,UNIVERSITIES AND UNIVERSITIES OF TECHNOLOGY,112
DU-D-BAT,"Bachelor of the Built
Environment in Architecture",9. HOUSING DEVELOPMENT,UNIVERSITIES AND UNIVERSITIES OF TECHNOLOGY,113
EM-B-CAP,"Higher Certificate in
Architectural Practice",9. HOUSING DEVELOPMENT,PRIVATE COLLEGES,113
EM-B-SD2,"Higher Certificate in Spatial
Design",9. HOUSING DEVELOPMENT,PRIVATE COLLEGES,113
ZU-M-ARI,B A (Industrial Sociology),10. HUMAN RESOURCES AND INDUSTRIAL RELATIONS,UNIVERSITIES AND UNIVERSITIES OF TECHNOLOGY,114
DU-D-HR3,"Dip Management Sciences:
Human Resources",10. HUMAN RESOURCES AND INDUSTRIAL RELATIONS,UNIVERSITIES AND UNIVERSITIES OF TECHNOLOGY,114
DU-D-HRY,"Dip Management Sciences:
Human Resources (p/t)",10. HUMAN RESOURCES AND INDUSTRIAL RELATIONS,UNIVERSITIES AND UNIVERSITIES OF TECHNOLOGY,114
MN-M-DHR,"Diploma in Human Resource
Management",10. HUMAN RESOURCES AND INDUSTRIAL RELATIONS,UNIVERSITIES AND UNIVERSITIES OF TECHNOLOGY,114
MN-M-HRM,"Adv Diploma in Human
Resource Management",10. HUMAN RESOURCES AND INDUSTRIAL RELATIONS,UNIVERSITIES AND UNIVERSITIES OF TECHNOLOGY,115
MN-M-PGH,"P G Dip in Human Resource
Management",10. HUMAN RESOURCES AND INDUSTRIAL RELATIONS,UNIVERSITIES AND UNIVERSITIES OF TECHNOLOGY,115
MC-D-BCH,"B Com Human Resource
Management",10. HUMAN RESOURCES AND INDUSTRIAL RELATIONS,PRIVATE COLLEGES,115
RB-D-BCH,"B Com Human Resource
Management",10. HUMAN RESOURCES AND INDUSTRIAL RELATIONS,PRIVATE COLLEGES,115
PE-M-BRM,"Bachelor of Commerce in
Human Resource Management",10. HUMAN RESOURCES AND INDUSTRIAL RELATIONS,PRIVATE COLLEGES,116
BC-D-BRM,"Bachelor of Commerce in
Human Resource Management",10. HUMAN RESOURCES AND INDUSTRIAL RELATIONS,PRIVATE COLLEGES,116
BC-D-DHR,"Diploma in Human Resource
Management",10. HUMAN RESOURCES AND INDUSTRIAL RELATIONS,PRIVATE COLLEGES,116
MC-D-P4H,"Hons B Com Human Resources
Management",10. HUMAN RESOURCES AND INDUSTRIAL RELATIONS,PRIVATE COLLEGES,116
RB-D-P4H,"Hons B Com Human Resources
Management",10. HUMAN RESOURCES AND INDUSTRIAL RELATIONS,PRIVATE COLLEGES,117
MC-D-PSP,"H Cert Public Sector
Procurement",10. HUMAN RESOURCES AND INDUSTRIAL RELATIONS,PRIVATE COLLEGES,117
MC-D-HCH,"Higher Certificate in Human
Resources Management",10. HUMAN RESOURCES AND INDUSTRIAL RELATIONS,PRIVATE COLLEGES,117
BC-D-HCH,"Higher Certificate in Human
Resources Management",10. HUMAN RESOURCES AND INDUSTRIAL RELATIONS,PRIVATE COLLEGES,117
RB-D-HCH,"Higher Certificate in Human
Resources Management",10. HUMAN RESOURCES AND INDUSTRIAL RELATIONS,PRIVATE COLLEGES,117
BT-D-NHR,"N N Dip Human Resource
Management",10. HUMAN RESOURCES AND INDUSTRIAL RELATIONS,PRIVATE COLLEGES,118
PX-D-HRD,"National N Diploma: Human
Resource Management (NQF 6)",10. HUMAN RESOURCES AND INDUSTRIAL RELATIONS,PRIVATE COLLEGES,118
DC-B-PHM,"N Cert Human Resource
Management N4, N5, N6",10. HUMAN RESOURCES AND INDUSTRIAL RELATIONS,PRIVATE COLLEGES,118
PX-D-HRC,"National Certificate: Human
Resource Management
(N4, N5, N6)",10. HUMAN RESOURCES AND INDUSTRIAL RELATIONS,PRIVATE COLLEGES,118
DC-B-PHY,"N Cert Human Resource
Management N4, N5, N6 (p/t)",10. HUMAN RESOURCES AND INDUSTRIAL RELATIONS,PRIVATE COLLEGES,118
ZU-M-BNH,B A (Anthropology & History),11. HUMANITIES,UNIVERSITIES AND UNIVERSITIES OF TECHNOLOGY,119
KN-H-BA2,B A (General Studies),11. HUMANITIES,UNIVERSITIES AND UNIVERSITIES OF TECHNOLOGY,119
ZU-M-BGE,B A (Geography & History),11. HUMANITIES,UNIVERSITIES AND UNIVERSITIES OF TECHNOLOGY,119
ZU-M-BGT,B A (Geography & Tourism),11. HUMANITIES,UNIVERSITIES AND UNIVERSITIES OF TECHNOLOGY,119
ZU-M-BHI,B A (History & IsiZulu),11. HUMANITIES,UNIVERSITIES AND UNIVERSITIES OF TECHNOLOGY,119
ZU-M-BLE,B A (Linguistics & English),11. HUMANITIES,UNIVERSITIES AND UNIVERSITIES OF TECHNOLOGY,119
ZU-M-BPY,B A (Philosophy & Psychology),11. HUMANITIES,UNIVERSITIES AND UNIVERSITIES OF TECHNOLOGY,119
ZU-M-PSY,B A (Psychology),11. HUMANITIES,UNIVERSITIES AND UNIVERSITIES OF TECHNOLOGY,119
PE-B-BAA,Bachelor of Arts,11. HUMANITIES,PRIVATE COLLEGES,119
PE-B-BAY,Bachelor of Arts (Part-Time),11. HUMANITIES,PRIVATE COLLEGES,120
PE-B-BGD,"Bachelor of Arts in Graphic
Design",11. HUMANITIES,PRIVATE COLLEGES,120
BT-D-DPF,"Dip: Personal Trainer:
Fitness and Nutrition",11. HUMANITIES,PRIVATE COLLEGES,120
BT-D-CPI,"Dip: Psychology: Industrial:
Development: General",11. HUMANITIES,PRIVATE COLLEGES,120
BT-D-CSP,Cert Sport Psychology,11. HUMANITIES,PRIVATE COLLEGES,121
BT-D-CPD,"Cert: Developmental
Psychology",11. HUMANITIES,PRIVATE COLLEGES,121
BT-D-CDO,"Occupational Certificate: Career
Development Information
Officer",11. HUMANITIES,PRIVATE COLLEGES,121
BT-D-ECD,"Occupational Certificate:
Early Childhood Development
Practitioner",11. HUMANITIES,PRIVATE COLLEGES,121
KN-P-BSU,"B Sc Computer Science &
Information Technology",12. INFORMATION TECHNOLOGY (IT) & COMPUTER SCIENCE,UNIVERSITIES AND UNIVERSITIES OF TECHNOLOGY,122
DU-D-BIT,"Bachelor of Information and
Communications Technology",12. INFORMATION TECHNOLOGY (IT) & COMPUTER SCIENCE,UNIVERSITIES AND UNIVERSITIES OF TECHNOLOGY,122
DU-D-IOT,"Bachelor of Information and
Communications Technology in
Internet of Things (IoT)",12. INFORMATION TECHNOLOGY (IT) & COMPUTER SCIENCE,UNIVERSITIES AND UNIVERSITIES OF TECHNOLOGY,122
DU-D-APD,"Dip ICT: Applications
Development",12. INFORMATION TECHNOLOGY (IT) & COMPUTER SCIENCE,UNIVERSITIES AND UNIVERSITIES OF TECHNOLOGY,123
DU-D-APF,"Dip ICT: Applications
Development
(4 year Foundation programme)",12. INFORMATION TECHNOLOGY (IT) & COMPUTER SCIENCE,UNIVERSITIES AND UNIVERSITIES OF TECHNOLOGY,123
DU-D-BUA,Dip ICT: Business Analysis,12. INFORMATION TECHNOLOGY (IT) & COMPUTER SCIENCE,UNIVERSITIES AND UNIVERSITIES OF TECHNOLOGY,123
MN-M-DIT,"Diploma in Information
Technology",12. INFORMATION TECHNOLOGY (IT) & COMPUTER SCIENCE,UNIVERSITIES AND UNIVERSITIES OF TECHNOLOGY,123
MN-M-DI5,"Diploma in Information
Technology (ECP)",12. INFORMATION TECHNOLOGY (IT) & COMPUTER SCIENCE,UNIVERSITIES AND UNIVERSITIES OF TECHNOLOGY,124
MN-M-IT6,"Advanced Diploma in
Information Technology",12. INFORMATION TECHNOLOGY (IT) & COMPUTER SCIENCE,UNIVERSITIES AND UNIVERSITIES OF TECHNOLOGY,124
MC-D-PCI,"B Com Information Technology
& Management",12. INFORMATION TECHNOLOGY (IT) & COMPUTER SCIENCE,PRIVATE COLLEGES,124
RG-D-PBT,B Sc Information Technology,12. INFORMATION TECHNOLOGY (IT) & COMPUTER SCIENCE,PRIVATE COLLEGES,125
PE-M-CSB,"Bachelor of Science in
Computer Science",12. INFORMATION TECHNOLOGY (IT) & COMPUTER SCIENCE,PRIVATE COLLEGES,125
PE-B-TIS,"Bachelor of Science in
Information Technology",12. INFORMATION TECHNOLOGY (IT) & COMPUTER SCIENCE,PRIVATE COLLEGES,125
PE-D-TIY,"Bachelor of Science in
Information Technology
(p/t)",12. INFORMATION TECHNOLOGY (IT) & COMPUTER SCIENCE,PRIVATE COLLEGES,126
EM-B-BIW,"Bachelor of Information
Technology in Web Design and
Development",12. INFORMATION TECHNOLOGY (IT) & COMPUTER SCIENCE,PRIVATE COLLEGES,126
EM-C-BBI,"Bachelor of Business
Information Systems",12. INFORMATION TECHNOLOGY (IT) & COMPUTER SCIENCE,PRIVATE COLLEGES,126
BC-D-TIS,"Bachelor of Science in
Information Technology",12. INFORMATION TECHNOLOGY (IT) & COMPUTER SCIENCE,PRIVATE COLLEGES,127
BC-D-DSN,"Diploma in PC Support and
Networking",12. INFORMATION TECHNOLOGY (IT) & COMPUTER SCIENCE,PRIVATE COLLEGES,127
RG-D-PCA,Dip Computer Applications,12. INFORMATION TECHNOLOGY (IT) & COMPUTER SCIENCE,PRIVATE COLLEGES,127
RG-D-PDO,"Dip Information Technology
(3 yr)",12. INFORMATION TECHNOLOGY (IT) & COMPUTER SCIENCE,PRIVATE COLLEGES,127
BC-D-DIC,"Diploma in Information and
Communications Technology",12. INFORMATION TECHNOLOGY (IT) & COMPUTER SCIENCE,PRIVATE COLLEGES,127
MC-D-PHI,H Cert Information Technology,12. INFORMATION TECHNOLOGY (IT) & COMPUTER SCIENCE,PRIVATE COLLEGES,128
IS-C-ITS,"Further Education and Training
Certificate: Information
Technology - Technical Support
(p/t)",12. INFORMATION TECHNOLOGY (IT) & COMPUTER SCIENCE,PRIVATE COLLEGES,128
IS-D-ITS,"Further Education and Training
Certificate: Information
Technology - Technical Support
(p/t)",12. INFORMATION TECHNOLOGY (IT) & COMPUTER SCIENCE,PRIVATE COLLEGES,128
IS-J-ITS,"Further Education and Training
Certificate: Information
Technology - Technical Support
(p/t)",12. INFORMATION TECHNOLOGY (IT) & COMPUTER SCIENCE,PRIVATE COLLEGES,128
IS-P-ITS,"Further Education and Training
Certificate: Information
Technology - Technical Support
(p/t)",12. INFORMATION TECHNOLOGY (IT) & COMPUTER SCIENCE,PRIVATE COLLEGES,128
IS-C-EOA,"N Cert Information Technology:
End User Computing –
Office Administration (p/t)",12. INFORMATION TECHNOLOGY (IT) & COMPUTER SCIENCE,PRIVATE COLLEGES,129
IS-D-EOA,"N Cert Information Technology:
End User Computing –
Office Administration (p/t)",12. INFORMATION TECHNOLOGY (IT) & COMPUTER SCIENCE,PRIVATE COLLEGES,129
IS-J-EOA,"N Cert Information Technology:
End User Computing –
Office Administration (p/t)",12. INFORMATION TECHNOLOGY (IT) & COMPUTER SCIENCE,PRIVATE COLLEGES,129
IS-P-EOA,"N Cert Information Technology:
End User Computing –
Office Administration (p/t)",12. INFORMATION TECHNOLOGY (IT) & COMPUTER SCIENCE,PRIVATE COLLEGES,129
IS-C-PSN,"N Cert IT Systems Support:
Networking MCSA",12. INFORMATION TECHNOLOGY (IT) & COMPUTER SCIENCE,PRIVATE COLLEGES,129
RG-D-PAI,"Adv Cert Information
Technology",12. INFORMATION TECHNOLOGY (IT) & COMPUTER SCIENCE,PRIVATE COLLEGES,129
RG-D-PAE,Adv Cert Systems Engineering,12. INFORMATION TECHNOLOGY (IT) & COMPUTER SCIENCE,PRIVATE COLLEGES,129
RG-D-PHI,H Cert Information Technology,12. INFORMATION TECHNOLOGY (IT) & COMPUTER SCIENCE,PRIVATE COLLEGES,130
RG-D-PHK,"H Cert Information Technology
(Distance)",12. INFORMATION TECHNOLOGY (IT) & COMPUTER SCIENCE,PRIVATE COLLEGES,130
RG-D-CIG,"Advanced Certificate in
Information Technology
Governance",12. INFORMATION TECHNOLOGY (IT) & COMPUTER SCIENCE,PRIVATE COLLEGES,130
RG-D-PHE,H Cert Systems Engineering,12. INFORMATION TECHNOLOGY (IT) & COMPUTER SCIENCE,PRIVATE COLLEGES,130
BC-D-CCA,"Higher Certificate in Computers
and Administration",12. INFORMATION TECHNOLOGY (IT) & COMPUTER SCIENCE,PRIVATE COLLEGES,130
BC-D-HBS,"Higher Certificate in Business
Analysis",12. INFORMATION TECHNOLOGY (IT) & COMPUTER SCIENCE,PRIVATE COLLEGES,130
BC-D-HET,"Higher Certificate in
Educational Technology",12. INFORMATION TECHNOLOGY (IT) & COMPUTER SCIENCE,PRIVATE COLLEGES,130
PE-B-HIS,"Higher Certificate in
Information Systems",12. INFORMATION TECHNOLOGY (IT) & COMPUTER SCIENCE,PRIVATE COLLEGES,131
PE-D-HIY,"Higher Certificate in
Information Systems (p/t)",12. INFORMATION TECHNOLOGY (IT) & COMPUTER SCIENCE,PRIVATE COLLEGES,131
BC-D-AIS,"Occupational Certificate:
Artificial Intelligence Software
Developer",12. INFORMATION TECHNOLOGY (IT) & COMPUTER SCIENCE,PRIVATE COLLEGES,131
BC-D-OCC,"Occupational Certificate:
Cloud Administrator",12. INFORMATION TECHNOLOGY (IT) & COMPUTER SCIENCE,PRIVATE COLLEGES,132
BC-D-OCT,"Occupational Certificate:
Computer Technician",12. INFORMATION TECHNOLOGY (IT) & COMPUTER SCIENCE,PRIVATE COLLEGES,132
BC-D-CSA,"Occupational Certificate:
Cyber Security Analyst",12. INFORMATION TECHNOLOGY (IT) & COMPUTER SCIENCE,PRIVATE COLLEGES,132
BC-D-DSP,"Occupational Certificate:
Data Science Practitioner",12. INFORMATION TECHNOLOGY (IT) & COMPUTER SCIENCE,PRIVATE COLLEGES,132
BC-D-TIL,"Occupational Certificate:
Design Thinking Innovation
Lead",12. INFORMATION TECHNOLOGY (IT) & COMPUTER SCIENCE,PRIVATE COLLEGES,133
BC-D-DTP,"Occupational Certificate:
Design Thinking Practitioner",12. INFORMATION TECHNOLOGY (IT) & COMPUTER SCIENCE,PRIVATE COLLEGES,133
BC-D-ITD,"Occupational Certificate:
Internet-of-things Developer",12. INFORMATION TECHNOLOGY (IT) & COMPUTER SCIENCE,PRIVATE COLLEGES,133
BC-D-QTA,"Occupational Certificate:
Quality Test Automator",12. INFORMATION TECHNOLOGY (IT) & COMPUTER SCIENCE,PRIVATE COLLEGES,133
BC-D-SFD,"Occupational Certificate:
Software Developer",12. INFORMATION TECHNOLOGY (IT) & COMPUTER SCIENCE,PRIVATE COLLEGES,134
BC-D-SFE,"Occupational Certificate:
Software Engineer",12. INFORMATION TECHNOLOGY (IT) & COMPUTER SCIENCE,PRIVATE COLLEGES,134
PE-B-HC2,Higher Certificate in Computing,12. INFORMATION TECHNOLOGY (IT) & COMPUTER SCIENCE,PRIVATE COLLEGES,134
IS-C-OCM,"O Cert Computer Technician
MCSA",12. INFORMATION TECHNOLOGY (IT) & COMPUTER SCIENCE,PRIVATE COLLEGES,135
IS-C-OCD,O Cert Draughtsperson,12. INFORMATION TECHNOLOGY (IT) & COMPUTER SCIENCE,PRIVATE COLLEGES,135
IS-C-OCS,"O Cert Software Developer
MCSA",12. INFORMATION TECHNOLOGY (IT) & COMPUTER SCIENCE,PRIVATE COLLEGES,135
IS-C-OCE,"O Cert Software Engineer
MCSA",12. INFORMATION TECHNOLOGY (IT) & COMPUTER SCIENCE,PRIVATE COLLEGES,135
EM-C-CS2,"Higher Certificate in Software
Development",12. INFORMATION TECHNOLOGY (IT) & COMPUTER SCIENCE,PRIVATE COLLEGES,135
MC-D-AI7,"Postgraduate Diploma in
Artificial Intelligence",12. INFORMATION TECHNOLOGY (IT) & COMPUTER SCIENCE,PRIVATE COLLEGES,136
RB-D-PGI,P G Dip in Business Intelligence,12. INFORMATION TECHNOLOGY (IT) & COMPUTER SCIENCE,PRIVATE COLLEGES,136
PE-B-SLB,"Short Learning Programme in
Basic Programming",12. INFORMATION TECHNOLOGY (IT) & COMPUTER SCIENCE,PRIVATE COLLEGES,136
PE-B-SLT,"Short Learning Programme in
Technical Support",12. INFORMATION TECHNOLOGY (IT) & COMPUTER SCIENCE,PRIVATE COLLEGES,137
PE-B-SLW,"Short Learning Programme in
Web Design",12. INFORMATION TECHNOLOGY (IT) & COMPUTER SCIENCE,PRIVATE COLLEGES,137
PE-B-API,"B Sc Access Programme
(Information Technology)",12. INFORMATION TECHNOLOGY (IT) & COMPUTER SCIENCE,PRIVATE COLLEGES,138
RG-D-ITH,"Bachelor of Science Honours in
Information Technology",12. INFORMATION TECHNOLOGY (IT) & COMPUTER SCIENCE,PRIVATE COLLEGES,138
KN-P-BC1,B Com,13. MANAGEMENT AND PLANNING,UNIVERSITIES AND UNIVERSITIES OF TECHNOLOGY,139
ZU-M-BC7,"B Com (Accounting and
Economics)",13. MANAGEMENT AND PLANNING,UNIVERSITIES AND UNIVERSITIES OF TECHNOLOGY,139
ZU-M-BC8,"B Com (Banking and Business
Management)",13. MANAGEMENT AND PLANNING,UNIVERSITIES AND UNIVERSITIES OF TECHNOLOGY,139
ZU-M-BMB,"B Com (Business Management
and Accounting)",13. MANAGEMENT AND PLANNING,UNIVERSITIES AND UNIVERSITIES OF TECHNOLOGY,139
ZU-M-BBO,"B Com (Business Management
and Economics)",13. MANAGEMENT AND PLANNING,UNIVERSITIES AND UNIVERSITIES OF TECHNOLOGY,139
ZU-M-BC9,"B Com (Economics and
Banking)",13. MANAGEMENT AND PLANNING,UNIVERSITIES AND UNIVERSITIES OF TECHNOLOGY,139
ZU-M-BER,"B Com (Economics and Human
Resource Management)",13. MANAGEMENT AND PLANNING,UNIVERSITIES AND UNIVERSITIES OF TECHNOLOGY,139
ZU-M-BUS,"B Com (Human Resource
Management and Business
Management)",13. MANAGEMENT AND PLANNING,UNIVERSITIES AND UNIVERSITIES OF TECHNOLOGY,140
ZU-M-BC6,"B Com (Management
Information Systems)",13. MANAGEMENT AND PLANNING,UNIVERSITIES AND UNIVERSITIES OF TECHNOLOGY,140
KN-P-BCG,"B Com Extended Curriculum
(General)",13. MANAGEMENT AND PLANNING,UNIVERSITIES AND UNIVERSITIES OF TECHNOLOGY,140
DU-D-SSM,"Bachelor of Sport Science and
Management",13. MANAGEMENT AND PLANNING,UNIVERSITIES AND UNIVERSITIES OF TECHNOLOGY,141
ZU-R-CO3,"Dip Co-Operatives
Management",13. MANAGEMENT AND PLANNING,UNIVERSITIES AND UNIVERSITIES OF TECHNOLOGY,141
DU-D-MN3,"Dip Management Sciences:
Business Administration",13. MANAGEMENT AND PLANNING,UNIVERSITIES AND UNIVERSITIES OF TECHNOLOGY,141
DU-D-BL3,"Dip Management Sciences:
Business Law",13. MANAGEMENT AND PLANNING,UNIVERSITIES AND UNIVERSITIES OF TECHNOLOGY,142
DU-D-RB3,"Dip Management Sciences:
Retail",13. MANAGEMENT AND PLANNING,UNIVERSITIES AND UNIVERSITIES OF TECHNOLOGY,142
DU-D-RM3,"Dip Public Administration:
Disaster and Risk Management",13. MANAGEMENT AND PLANNING,UNIVERSITIES AND UNIVERSITIES OF TECHNOLOGY,142
DU-D-GV3,"Dip Public Administration:
Local Government",13. MANAGEMENT AND PLANNING,UNIVERSITIES AND UNIVERSITIES OF TECHNOLOGY,142
DU-D-PM3,"Dip Public Administration:
Public Management",13. MANAGEMENT AND PLANNING,UNIVERSITIES AND UNIVERSITIES OF TECHNOLOGY,142
DU-P-PM3,"Dip Public Administration:
Public Management",13. MANAGEMENT AND PLANNING,UNIVERSITIES AND UNIVERSITIES OF TECHNOLOGY,143
DU-D-SC3,"Dip Public Administration:
Supply Chain Management",13. MANAGEMENT AND PLANNING,UNIVERSITIES AND UNIVERSITIES OF TECHNOLOGY,143
MN-M-DPU,Diploma in Public Management,13. MANAGEMENT AND PLANNING,UNIVERSITIES AND UNIVERSITIES OF TECHNOLOGY,143
DU-P-MB5,"Dip Management Sciences:
Business Administration (ECP)",13. MANAGEMENT AND PLANNING,UNIVERSITIES AND UNIVERSITIES OF TECHNOLOGY,143
DU-D-SMS,"H Cert Sport Management
Science",13. MANAGEMENT AND PLANNING,UNIVERSITIES AND UNIVERSITIES OF TECHNOLOGY,144
MN-M-APM,"Advanced Diploma in Public
Management",13. MANAGEMENT AND PLANNING,UNIVERSITIES AND UNIVERSITIES OF TECHNOLOGY,144
MN-M-MHS,"Advanced Diploma in Public
Management in Human
Settlements",13. MANAGEMENT AND PLANNING,UNIVERSITIES AND UNIVERSITIES OF TECHNOLOGY,144
RB-D-PGM,"Postgraduate Diploma in
Management",13. MANAGEMENT AND PLANNING,UNIVERSITIES AND UNIVERSITIES OF TECHNOLOGY,144
RB-D-DOB,"Doctor of Business
Administration",13. MANAGEMENT AND PLANNING,UNIVERSITIES AND UNIVERSITIES OF TECHNOLOGY,144
MC-D-BCU,B Com Entrepreneurship,13. MANAGEMENT AND PLANNING,PRIVATE COLLEGES,145
MC-D-CIB,B Com International Business,13. MANAGEMENT AND PLANNING,PRIVATE COLLEGES,145
MC-D-PRO,B Com Project Management,13. MANAGEMENT AND PLANNING,PRIVATE COLLEGES,145
MC-D-BCW,B Com Retail Management,13. MANAGEMENT AND PLANNING,PRIVATE COLLEGES,145
MC-D-PBD,B Public Administration,13. MANAGEMENT AND PLANNING,PRIVATE COLLEGES,145
RB-D-BC1,B Com,13. MANAGEMENT AND PLANNING,PRIVATE COLLEGES,145
RG-D-BC1,B Com,13. MANAGEMENT AND PLANNING,PRIVATE COLLEGES,145
RB-D-BCW,B Com Retail Management,13. MANAGEMENT AND PLANNING,PRIVATE COLLEGES,146
RB-D-PSC,"B Com Supply Chain
Management",13. MANAGEMENT AND PLANNING,PRIVATE COLLEGES,146
RG-D-PBG,B Public Management,13. MANAGEMENT AND PLANNING,PRIVATE COLLEGES,146
PE-B-BOC,Bachelor of Commerce,13. MANAGEMENT AND PLANNING,PRIVATE COLLEGES,146
EM-B-BOC,Bachelor of Commerce,13. MANAGEMENT AND PLANNING,PRIVATE COLLEGES,147
BC-D-SMT,"Bachelor of Commerce in
Supply Chain Management",13. MANAGEMENT AND PLANNING,PRIVATE COLLEGES,147
PE-P-BDO,"Bachelor of Commerce
(Distance Mode)",13. MANAGEMENT AND PLANNING,PRIVATE COLLEGES,147
EM-X-DIM,Diploma in Management,13. MANAGEMENT AND PLANNING,PRIVATE COLLEGES,148
EM-X-DAM,Doctor of Management,13. MANAGEMENT AND PLANNING,PRIVATE COLLEGES,148
RB-D-DOB,"Doctor of Business
Administration",13. MANAGEMENT AND PLANNING,PRIVATE COLLEGES,148
MC-D-CMS,Adv Cert Management Studies,13. MANAGEMENT AND PLANNING,PRIVATE COLLEGES,148
MC-D-PHB,H Cert Business Management,13. MANAGEMENT AND PLANNING,PRIVATE COLLEGES,149
MC-D-PHH,"H Cert Local Government &
Development Management",13. MANAGEMENT AND PLANNING,PRIVATE COLLEGES,149
MC-D-PM2,H Cert Project Management,13. MANAGEMENT AND PLANNING,PRIVATE COLLEGES,149
MC-D-PPG,H Cert Public Management,13. MANAGEMENT AND PLANNING,PRIVATE COLLEGES,149
MC-D-PC2,"Higher Certificate in Supply
Chain Management",13. MANAGEMENT AND PLANNING,PRIVATE COLLEGES,149
BT-D-IPM,"Certificate Introduction to
Project Management",13. MANAGEMENT AND PLANNING,PRIVATE COLLEGES,149
BT-D-SC5,"N Cert Supply Chain
Management NQF 5",13. MANAGEMENT AND PLANNING,PRIVATE COLLEGES,149
BC-D-LM2,"Higher Certificate in Logistics
Management",13. MANAGEMENT AND PLANNING,PRIVATE COLLEGES,150
BC-D-HPO,"Higher Certificate in Project
Management",13. MANAGEMENT AND PLANNING,PRIVATE COLLEGES,150
BC-D-PC2,"Higher Certificate in Supply
Chain Management",13. MANAGEMENT AND PLANNING,PRIVATE COLLEGES,150
RB-D-PHB,H Cert Business Management,13. MANAGEMENT AND PLANNING,PRIVATE COLLEGES,150
RB-D-PHT,H Cert Entrepreneurship,13. MANAGEMENT AND PLANNING,PRIVATE COLLEGES,150
RB-D-RM2,H Cert in Retail Management,13. MANAGEMENT AND PLANNING,PRIVATE COLLEGES,150
RB-D-PEA,"H Cert Management for Estate
Agents",13. MANAGEMENT AND PLANNING,PRIVATE COLLEGES,150
PE-B-HBM,"Higher Certificate in Business
Management",13. MANAGEMENT AND PLANNING,PRIVATE COLLEGES,151
RB-D-PC2,"Higher Certificate in Supply
Chain Management",13. MANAGEMENT AND PLANNING,PRIVATE COLLEGES,151
PE-B-HB2,"Higher Certificate in Business
Management (Distance Mode)",13. MANAGEMENT AND PLANNING,PRIVATE COLLEGES,151
BC-D-HBM,"Higher Certificate in Business
Management",13. MANAGEMENT AND PLANNING,PRIVATE COLLEGES,151
MC-D-HSC,"Hons B Com Supply Chain
Management",13. MANAGEMENT AND PLANNING,PRIVATE COLLEGES,152
MC-D-4EM,"Hons B Ed in Educational
Leadership and Management",13. MANAGEMENT AND PLANNING,PRIVATE COLLEGES,152
EM-B-CBM,"Bachelor of Commerce Honours
in Business Marketing",13. MANAGEMENT AND PLANNING,PRIVATE COLLEGES,152
RB-D-4BC,Hons B Com,13. MANAGEMENT AND PLANNING,PRIVATE COLLEGES,152
RG-D-MBA,"M B A General (Master of
Business Administration)",13. MANAGEMENT AND PLANNING,PRIVATE COLLEGES,152
RB-D-MBA,"M B A General (Master of
Business Administration)",13. MANAGEMENT AND PLANNING,PRIVATE COLLEGES,152
RB-D-4HC,M B A in Healthcare,13. MANAGEMENT AND PLANNING,PRIVATE COLLEGES,153
EM-X-MOF,Master of Management,13. MANAGEMENT AND PLANNING,PRIVATE COLLEGES,153
MC-D-MBA,"M B A General (Master of
Business Administration)",13. MANAGEMENT AND PLANNING,PRIVATE COLLEGES,153
MC-D-MC1,"M Comm
(Master of Commerce)",13. MANAGEMENT AND PLANNING,PRIVATE COLLEGES,153
MC-D-5LM,"M Ed (Master of Educational
Leadership and Management)",13. MANAGEMENT AND PLANNING,PRIVATE COLLEGES,153
MC-D-MPA,"MPA - Master of Public
Administration",13. MANAGEMENT AND PLANNING,PRIVATE COLLEGES,153
EM-X-HCN,"Higher Certificate in
Management",13. MANAGEMENT AND PLANNING,PRIVATE COLLEGES,154
BC-D-COM,"Higher Certificate in Operations
Management",13. MANAGEMENT AND PLANNING,PRIVATE COLLEGES,154
RB-D-PGM,"Postgraduate Diploma in
Management",13. MANAGEMENT AND PLANNING,PRIVATE COLLEGES,154
MC-D-PDB,P G Dip Business Management,13. MANAGEMENT AND PLANNING,PRIVATE COLLEGES,154
RB-D-PGP,"Postgraduate Diploma in
Supply Chain Management",13. MANAGEMENT AND PLANNING,PRIVATE COLLEGES,154
MC-D-DEM,"P G Dip Educational
Management",13. MANAGEMENT AND PLANNING,PRIVATE COLLEGES,154
MC-D-PGU,"P G Dip Family Business
Management",13. MANAGEMENT AND PLANNING,PRIVATE COLLEGES,155
MC-D-4IT,"P G Dip Information and
Technology Management",13. MANAGEMENT AND PLANNING,PRIVATE COLLEGES,155
MC-D-PDP,P G Dip Project Management,13. MANAGEMENT AND PLANNING,PRIVATE COLLEGES,155
MC-D-PGR,P G Dip Risk Management,13. MANAGEMENT AND PLANNING,PRIVATE COLLEGES,155
RB-D-PDP,P G Dip Project Management,13. MANAGEMENT AND PLANNING,PRIVATE COLLEGES,155
EM-K-POS,"Postgraduate Diploma in Public
Supply Chain Management",13. MANAGEMENT AND PLANNING,PRIVATE COLLEGES,155
MC-D-ABM,"Adv Diploma Business
Management",13. MANAGEMENT AND PLANNING,PRIVATE COLLEGES,155
MC-D-ABA,"Adv Diploma in Business
Analysis",13. MANAGEMENT AND PLANNING,PRIVATE COLLEGES,155
EM-K-ADN,"Advanced Diploma in
Management",13. MANAGEMENT AND PLANNING,PRIVATE COLLEGES,155
RB-D-AVG,Adv Dip in Management,13. MANAGEMENT AND PLANNING,PRIVATE COLLEGES,155
BT-D-PBU,N N Dip Business Management,13. MANAGEMENT AND PLANNING,PRIVATE COLLEGES,156
BT-D-PPC,N N Dip Public Management,13. MANAGEMENT AND PLANNING,PRIVATE COLLEGES,156
BT-D-NPR,"N N Dip Public Relations
Management",13. MANAGEMENT AND PLANNING,PRIVATE COLLEGES,156
PX-D-BMD,"National N Diploma:Business
Management (NQF 6)",13. MANAGEMENT AND PLANNING,PRIVATE COLLEGES,156
PX-D-PUD,"National N Diploma:Public
Relations (NQF6)",13. MANAGEMENT AND PLANNING,PRIVATE COLLEGES,156
PX-D-MKD,"National N Diploma:Marketing
Management (NQF6)",13. MANAGEMENT AND PLANNING,PRIVATE COLLEGES,156
DC-B-PBN,"N Cert Business Management
N4, N5, N6",13. MANAGEMENT AND PLANNING,PRIVATE COLLEGES,156
DC-B-PBY,"N Cert Business Management
N4, N5, N6 (p/t)",13. MANAGEMENT AND PLANNING,PRIVATE COLLEGES,156
DC-B-PPM,"N Cert Public Management
N4, N5, N6",13. MANAGEMENT AND PLANNING,PRIVATE COLLEGES,157
DC-B-PPX,"N Cert Public Management
N4, N5, N6 (p/t)",13. MANAGEMENT AND PLANNING,PRIVATE COLLEGES,157
PX-D-PPM,"N Cert Public Management N4,
N5, N6",13. MANAGEMENT AND PLANNING,PRIVATE COLLEGES,157
PX-D-BMC,"National Certificate: Business
Management (N4, N5, N6)",13. MANAGEMENT AND PLANNING,PRIVATE COLLEGES,157
PX-D-PM6,"National N Diploma Public
Management (NQF 6)",13. MANAGEMENT AND PLANNING,PRIVATE COLLEGES,157
PX-D-PUC,"National Certificate: Public
Relations (N4, N5, N6)",13. MANAGEMENT AND PLANNING,PRIVATE COLLEGES,157
DU-D-PD3,"Dip Management Sciences:
Operations",14. MANUFACTURING,UNIVERSITIES AND UNIVERSITIES OF TECHNOLOGY,158
DU-D-PDY,"Dip Management Sciences:
Operations (p/t)",14. MANUFACTURING,UNIVERSITIES AND UNIVERSITIES OF TECHNOLOGY,158
KN-W-BDT,B Dental Therapy,"15. MEDICINE, MEDICAL TECHNOLOGY",UNIVERSITIES AND UNIVERSITIES OF TECHNOLOGY,159
DU-D-RAD,"B Health Science: Diagnostic
Radiography","15. MEDICINE, MEDICAL TECHNOLOGY",UNIVERSITIES AND UNIVERSITIES OF TECHNOLOGY,159
DU-D-RAS,"B Health Science: Radiography
Sonography","15. MEDICINE, MEDICAL TECHNOLOGY",UNIVERSITIES AND UNIVERSITIES OF TECHNOLOGY,159
DU-D-RTO,"B Health Science: Radiography
Therapy and Oncology","15. MEDICINE, MEDICAL TECHNOLOGY",UNIVERSITIES AND UNIVERSITIES OF TECHNOLOGY,159
DU-D-HSP,"B Health Sciences Medical
Orthotics & Prosthetics","15. MEDICINE, MEDICAL TECHNOLOGY",UNIVERSITIES AND UNIVERSITIES OF TECHNOLOGY,160
DU-D-DCT,"B Health Sciences: Clinical
Technology","15. MEDICINE, MEDICAL TECHNOLOGY",UNIVERSITIES AND UNIVERSITIES OF TECHNOLOGY,160
DU-D-HM4,B Health Sciences: Homeopathy,"15. MEDICINE, MEDICAL TECHNOLOGY",UNIVERSITIES AND UNIVERSITIES OF TECHNOLOGY,160
KN-W-MBS,B Medical Science: Anatomy,"15. MEDICINE, MEDICAL TECHNOLOGY",UNIVERSITIES AND UNIVERSITIES OF TECHNOLOGY,161
KN-W-SBF,B Medical Science: Physiology,"15. MEDICINE, MEDICAL TECHNOLOGY",UNIVERSITIES AND UNIVERSITIES OF TECHNOLOGY,161
KN-M-MBC,B Medicine & B Surgery,"15. MEDICINE, MEDICAL TECHNOLOGY",UNIVERSITIES AND UNIVERSITIES OF TECHNOLOGY,161
KN-W-BOP,B Optometry,"15. MEDICINE, MEDICAL TECHNOLOGY",UNIVERSITIES AND UNIVERSITIES OF TECHNOLOGY,162
KN-W-BON,B Oral Hygiene,"15. MEDICINE, MEDICAL TECHNOLOGY",UNIVERSITIES AND UNIVERSITIES OF TECHNOLOGY,162
KN-W-BPR,B Pharmacy,"15. MEDICINE, MEDICAL TECHNOLOGY",UNIVERSITIES AND UNIVERSITIES OF TECHNOLOGY,162
KN-W-BPH,B Physiotherapy,"15. MEDICINE, MEDICAL TECHNOLOGY",UNIVERSITIES AND UNIVERSITIES OF TECHNOLOGY,162
DU-D-CHI,"Bachelor of Health Sciences in
Chiropractic","15. MEDICINE, MEDICAL TECHNOLOGY",UNIVERSITIES AND UNIVERSITIES OF TECHNOLOGY,162
DU-D-BLS,"Bachelor of Health Sciences in
Medical Laboratory Science","15. MEDICINE, MEDICAL TECHNOLOGY",UNIVERSITIES AND UNIVERSITIES OF TECHNOLOGY,163
MN-M-BLS,"Bachelor of Health Sciences in
Medical Laboratory Science","15. MEDICINE, MEDICAL TECHNOLOGY",UNIVERSITIES AND UNIVERSITIES OF TECHNOLOGY,163
KN-P-BSD,"Bachelor of Science in Dietetics
and Human Nutrition","15. MEDICINE, MEDICAL TECHNOLOGY",UNIVERSITIES AND UNIVERSITIES OF TECHNOLOGY,163
PE-M-BB1,"Bachelor of Science in
Biomedicine","15. MEDICINE, MEDICAL TECHNOLOGY",PRIVATE COLLEGES,164
PE-M-HBI,Higher Certificate in Bioscience,"15. MEDICINE, MEDICAL TECHNOLOGY",PRIVATE COLLEGES,164
PE-M-BAI,"BSc Access Programme
(Applied Science)","15. MEDICINE, MEDICAL TECHNOLOGY",PRIVATE COLLEGES,164
KN-W-BPA,B Audiology,16. PARA-MEDICAL,UNIVERSITIES AND UNIVERSITIES OF TECHNOLOGY,165
DU-D-HS4,"B Health Sciences:
Emergency Medical Care",16. PARA-MEDICAL,UNIVERSITIES AND UNIVERSITIES OF TECHNOLOGY,165
DU-I-BN1,B Nursing,16. PARA-MEDICAL,UNIVERSITIES AND UNIVERSITIES OF TECHNOLOGY,165
KN-H-BN1,B Nursing,16. PARA-MEDICAL,UNIVERSITIES AND UNIVERSITIES OF TECHNOLOGY,166
ZU-M-BNS,B Nursing Science,16. PARA-MEDICAL,UNIVERSITIES AND UNIVERSITIES OF TECHNOLOGY,166
KN-W-BOT,B Occupational Therapy,16. PARA-MEDICAL,UNIVERSITIES AND UNIVERSITIES OF TECHNOLOGY,166
KN-W-BPB,B Speech Language Therapy,16. PARA-MEDICAL,UNIVERSITIES AND UNIVERSITIES OF TECHNOLOGY,166
DU-D-ST3,Diploma in Somatology,16. PARA-MEDICAL,UNIVERSITIES AND UNIVERSITIES OF TECHNOLOGY,166
DU-D-HDA,H Cert Dental Assisting,16. PARA-MEDICAL,UNIVERSITIES AND UNIVERSITIES OF TECHNOLOGY,166
KN-H-BMX,"B A in Music Extended
Curriculum",17. PERFORMING ARTS,UNIVERSITIES AND UNIVERSITIES OF TECHNOLOGY,167
KN-H-BAM,B A Music,17. PERFORMING ARTS,UNIVERSITIES AND UNIVERSITIES OF TECHNOLOGY,167
ZU-M-BTP,"B A in Drama, Theatre and
Performance",17. PERFORMING ARTS,UNIVERSITIES AND UNIVERSITIES OF TECHNOLOGY,167
DU-D-DR3,Diploma in Drama,17. PERFORMING ARTS,UNIVERSITIES AND UNIVERSITIES OF TECHNOLOGY,168
DU-D-HP2,"Higher Certificate: Performing
Arts Technology",17. PERFORMING ARTS,UNIVERSITIES AND UNIVERSITIES OF TECHNOLOGY,168
DU-D-MK3,"Dip Management Sciences:
Marketing",18. PUBLIC RELATIONS/MARKETING,UNIVERSITIES AND UNIVERSITIES OF TECHNOLOGY,169
DU-D-MP3,"Dip Management Sciences:
Public Relations &
Communication Management",18. PUBLIC RELATIONS/MARKETING,UNIVERSITIES AND UNIVERSITIES OF TECHNOLOGY,169
MN-M-DMM,Diploma in Marketing,18. PUBLIC RELATIONS/MARKETING,UNIVERSITIES AND UNIVERSITIES OF TECHNOLOGY,170
ZU-R-PR5,"Dip Public Relations
Management",18. PUBLIC RELATIONS/MARKETING,UNIVERSITIES AND UNIVERSITIES OF TECHNOLOGY,170
MN-M-AMK,Adv Diploma in Marketing,18. PUBLIC RELATIONS/MARKETING,UNIVERSITIES AND UNIVERSITIES OF TECHNOLOGY,170
MN-M-MPG,"Postgraduate Diploma in
Marketing",18. PUBLIC RELATIONS/MARKETING,UNIVERSITIES AND UNIVERSITIES OF TECHNOLOGY,170
MC-D-BDM,B Com Digital Marketing,18. PUBLIC RELATIONS/MARKETING,PRIVATE COLLEGES,171
MC-D-BCK,B Com Marketing Management,18. PUBLIC RELATIONS/MARKETING,PRIVATE COLLEGES,171
AA-B-BRC,"Bachelor of Arts in Creative
Brand Communication (Full
Time)",18. PUBLIC RELATIONS/MARKETING,PRIVATE COLLEGES,171
AA-B-BRK,"Bachelor of Arts in Marketing
Communication (Full Time)",18. PUBLIC RELATIONS/MARKETING,PRIVATE COLLEGES,171
AA-B-BRY,"Bachelor of Arts in Marketing
Communication (Part Time)",18. PUBLIC RELATIONS/MARKETING,PRIVATE COLLEGES,171
PE-M-MMB,"Bachelor of Commerce in
Marketing Management",18. PUBLIC RELATIONS/MARKETING,PRIVATE COLLEGES,172
BC-D-DPR,Diploma in Public Relations,18. PUBLIC RELATIONS/MARKETING,PRIVATE COLLEGES,172
RB-D-PPT,Dip Public Relations,18. PUBLIC RELATIONS/MARKETING,PRIVATE COLLEGES,173
AA-B-DMC,"Diploma in Marketing
Communication",18. PUBLIC RELATIONS/MARKETING,PRIVATE COLLEGES,173
MC-D-MK2,H Cert Marketing,18. PUBLIC RELATIONS/MARKETING,PRIVATE COLLEGES,173
BC-D-HDI,"Higher Certificate in Digital
Marketing",18. PUBLIC RELATIONS/MARKETING,PRIVATE COLLEGES,174
BC-D-HPG,"Higher Certificate in
Public Administration and
Management",18. PUBLIC RELATIONS/MARKETING,PRIVATE COLLEGES,174
BC-D-PKM,"Higher Certificate Marketing
Management",18. PUBLIC RELATIONS/MARKETING,PRIVATE COLLEGES,174
AA-B-CMT,"H Cert in Marketing
Communication",18. PUBLIC RELATIONS/MARKETING,PRIVATE COLLEGES,174
AA-B-HDI,"Higher Certificate in Digital
Marketing",18. PUBLIC RELATIONS/MARKETING,PRIVATE COLLEGES,174
BC-D-HSO,"Higher Certificate in Social
Media and Communication",18. PUBLIC RELATIONS/MARKETING,PRIVATE COLLEGES,174
RB-D-PKM,"Higher Certificate Marketing
Management",18. PUBLIC RELATIONS/MARKETING,PRIVATE COLLEGES,175
BC-D-HCJ,Higher Certificate in Journalism,18. PUBLIC RELATIONS/MARKETING,PRIVATE COLLEGES,175
BC-D-HCR,"Higher Certificate in Public
Relations",18. PUBLIC RELATIONS/MARKETING,PRIVATE COLLEGES,175
MC-D-P4M,"Hons B Com Marketing
Management",18. PUBLIC RELATIONS/MARKETING,PRIVATE COLLEGES,175
BT-D-PMK,"N N Dip Marketing
Management",18. PUBLIC RELATIONS/MARKETING,PRIVATE COLLEGES,175
DC-B-PMM,"N Cert Marketing Management
N4, N5, N6",18. PUBLIC RELATIONS/MARKETING,PRIVATE COLLEGES,176
DC-B-PMX,"N Cert Marketing Management
N4, N5, N6 (p/t)",18. PUBLIC RELATIONS/MARKETING,PRIVATE COLLEGES,176
DC-B-PRT,"N Cert Public Relations N4, N5, N6",18. PUBLIC RELATIONS/MARKETING,PRIVATE COLLEGES,176
DC-B-PRY,"N Cert Public Relations
N4, N5, N6 (p/t)",18. PUBLIC RELATIONS/MARKETING,PRIVATE COLLEGES,177
PX-D-MKC,"National Certificate: Marketing
Management (N4, N5, N6)",18. PUBLIC RELATIONS/MARKETING,PRIVATE COLLEGES,177
EM-J-HDM,"Higher Certificate in Digital
Marketing Practice",18. PUBLIC RELATIONS/MARKETING,PRIVATE COLLEGES,177
RB-D-4DM,P G Dip in Digital Marketing,18. PUBLIC RELATIONS/MARKETING,PRIVATE COLLEGES,177
KN-P-GEO,"B Sc Geographic Information
Systems and Earth Observation",19. SCIENCE AND MATHEMATICS,UNIVERSITIES AND UNIVERSITIES OF TECHNOLOGY,178
KN-W-BSR,B Sc Applied Chemistry,19. SCIENCE AND MATHEMATICS,UNIVERSITIES AND UNIVERSITIES OF TECHNOLOGY,178
ZU-M-AMC,"B Sc Applied Mathematics with
Computer Sciences as Major 2",19. SCIENCE AND MATHEMATICS,UNIVERSITIES AND UNIVERSITIES OF TECHNOLOGY,178
ZU-M-AMH,"B Sc Applied Mathematics with
Hydrology as Major 2",19. SCIENCE AND MATHEMATICS,UNIVERSITIES AND UNIVERSITIES OF TECHNOLOGY,178
ZU-M-AMM,"B Sc Applied Mathematics with
Mathematics as Major 2",19. SCIENCE AND MATHEMATICS,UNIVERSITIES AND UNIVERSITIES OF TECHNOLOGY,178
ZU-M-APH,"B Sc Applied Mathematics with
Physics as Major 2",19. SCIENCE AND MATHEMATICS,UNIVERSITIES AND UNIVERSITIES OF TECHNOLOGY,178
ZU-M-AMS,"B Sc Applied Mathematics with
Statistics as Major 2",19. SCIENCE AND MATHEMATICS,UNIVERSITIES AND UNIVERSITIES OF TECHNOLOGY,178
KN-W-BSM,B Sc Marine Biology,19. SCIENCE AND MATHEMATICS,UNIVERSITIES AND UNIVERSITIES OF TECHNOLOGY,179
ZU-M-MPM,"B Sc Mathematics with Physics
as Major 2",19. SCIENCE AND MATHEMATICS,UNIVERSITIES AND UNIVERSITIES OF TECHNOLOGY,179
ZU-M-MAS,"B Sc Mathematics with
Statistics as Major 2",19. SCIENCE AND MATHEMATICS,UNIVERSITIES AND UNIVERSITIES OF TECHNOLOGY,179
ZU-M-MIH,"B Sc Microbiology with Human
Movement Science as Major 2",19. SCIENCE AND MATHEMATICS,UNIVERSITIES AND UNIVERSITIES OF TECHNOLOGY,179
ZU-M-MIZ,"B Sc Microbiology with Zoology
as Major 2",19. SCIENCE AND MATHEMATICS,UNIVERSITIES AND UNIVERSITIES OF TECHNOLOGY,179
KN-P-BS2,B Sc Stream LES,19. SCIENCE AND MATHEMATICS,UNIVERSITIES AND UNIVERSITIES OF TECHNOLOGY,179
KN-P-BS3,B Sc Stream M,19. SCIENCE AND MATHEMATICS,UNIVERSITIES AND UNIVERSITIES OF TECHNOLOGY,180
KN-P-BS4,B Sc4 Augmented,19. SCIENCE AND MATHEMATICS,UNIVERSITIES AND UNIVERSITIES OF TECHNOLOGY,180
DU-D-BBT,"Bachelor of Applied Science in
Biotechnology",19. SCIENCE AND MATHEMATICS,UNIVERSITIES AND UNIVERSITIES OF TECHNOLOGY,181
DU-D-BFS,"Bachelor of Applied Science in
Food Science and Technology",19. SCIENCE AND MATHEMATICS,UNIVERSITIES AND UNIVERSITIES OF TECHNOLOGY,181
DU-D-ATT,"Bachelor of Applied Science in
Textile Science",19. SCIENCE AND MATHEMATICS,UNIVERSITIES AND UNIVERSITIES OF TECHNOLOGY,181
ZU-A-AM8,"B Sc Augmented (Applied
Mathematics and Computer
Science)",19. SCIENCE AND MATHEMATICS,UNIVERSITIES AND UNIVERSITIES OF TECHNOLOGY,182
ZU-A-AM9,"B Sc Augmented (Applied
Mathematics and Hydrology)",19. SCIENCE AND MATHEMATICS,UNIVERSITIES AND UNIVERSITIES OF TECHNOLOGY,182
ZU-A-AM5,"B Sc Augmented (Applied
Mathematics and Mathematics)",19. SCIENCE AND MATHEMATICS,UNIVERSITIES AND UNIVERSITIES OF TECHNOLOGY,182
ZU-A-AM1,"B Sc Augmented (Applied
Mathematics and Physics)",19. SCIENCE AND MATHEMATICS,UNIVERSITIES AND UNIVERSITIES OF TECHNOLOGY,182
ZU-A-AB1,"B Sc Augmented (Biochemistry
and Botany)",19. SCIENCE AND MATHEMATICS,UNIVERSITIES AND UNIVERSITIES OF TECHNOLOGY,182
ZU-A-AB5,"B Sc Augmented (Biochemistry
and Chemistry)",19. SCIENCE AND MATHEMATICS,UNIVERSITIES AND UNIVERSITIES OF TECHNOLOGY,182
ZU-A-AB6,"B Sc Augmented (Biochemistry
and Human Movement Science)",19. SCIENCE AND MATHEMATICS,UNIVERSITIES AND UNIVERSITIES OF TECHNOLOGY,182
ZU-A-AB3,"B Sc Augmented (Biochemistry
and Microbiology)",19. SCIENCE AND MATHEMATICS,UNIVERSITIES AND UNIVERSITIES OF TECHNOLOGY,182
ZU-A-AM6,"B Sc Augmented (Biochemistry
and Zoology)",19. SCIENCE AND MATHEMATICS,UNIVERSITIES AND UNIVERSITIES OF TECHNOLOGY,182
ZU-A-ABG,"B Sc Augmented (Botany and
Geography)",19. SCIENCE AND MATHEMATICS,UNIVERSITIES AND UNIVERSITIES OF TECHNOLOGY,182
ZU-A-ABH,"B Sc Augmented (Botany and
Hydrology)",19. SCIENCE AND MATHEMATICS,UNIVERSITIES AND UNIVERSITIES OF TECHNOLOGY,182
ZU-A-AB4,"B Sc Augmented (Botany and
Microbiology)",19. SCIENCE AND MATHEMATICS,UNIVERSITIES AND UNIVERSITIES OF TECHNOLOGY,182
ZU-A-ABZ,"B Sc Augmented (Botany and
Zoology)",19. SCIENCE AND MATHEMATICS,UNIVERSITIES AND UNIVERSITIES OF TECHNOLOGY,182
ZU-A-ACO,"B Sc Augmented (Chemistry
and Computer Science)",19. SCIENCE AND MATHEMATICS,UNIVERSITIES AND UNIVERSITIES OF TECHNOLOGY,183
ZU-A-AC1,"B Sc Augmented (Chemistry
and Hydrology)",19. SCIENCE AND MATHEMATICS,UNIVERSITIES AND UNIVERSITIES OF TECHNOLOGY,183
ZU-A-ATC,"B Sc Augmented (Chemistry
and Mathematics)",19. SCIENCE AND MATHEMATICS,UNIVERSITIES AND UNIVERSITIES OF TECHNOLOGY,183
ZU-A-APY,"B Sc Augmented (Chemistry
and Physics)",19. SCIENCE AND MATHEMATICS,UNIVERSITIES AND UNIVERSITIES OF TECHNOLOGY,183
ZU-A-AZC,"B Sc Augmented (Chemistry
and Zoology)",19. SCIENCE AND MATHEMATICS,UNIVERSITIES AND UNIVERSITIES OF TECHNOLOGY,183
ZU-A-AC8,"B Sc Augmented (Computer
Science and Hydrology)",19. SCIENCE AND MATHEMATICS,UNIVERSITIES AND UNIVERSITIES OF TECHNOLOGY,183
ZU-A-AC9,"B Sc Augmented (Computer
Science and Mathematics)",19. SCIENCE AND MATHEMATICS,UNIVERSITIES AND UNIVERSITIES OF TECHNOLOGY,183
ZU-A-AC6,"B Sc Augmented (Computer
Science and Physics)",19. SCIENCE AND MATHEMATICS,UNIVERSITIES AND UNIVERSITIES OF TECHNOLOGY,183
ZU-A-ASI,"B Sc Augmented (Computer
Science and Statistics)",19. SCIENCE AND MATHEMATICS,UNIVERSITIES AND UNIVERSITIES OF TECHNOLOGY,183
ZU-A-AGH,"B Sc Augmented (Geography
and Hydrology)",19. SCIENCE AND MATHEMATICS,UNIVERSITIES AND UNIVERSITIES OF TECHNOLOGY,183
ZU-A-AGP,"B Sc Augmented (Geography
and Physics)",19. SCIENCE AND MATHEMATICS,UNIVERSITIES AND UNIVERSITIES OF TECHNOLOGY,183
ZU-A-AGS,"B Sc Augmented (Geography
and Statistics)",19. SCIENCE AND MATHEMATICS,UNIVERSITIES AND UNIVERSITIES OF TECHNOLOGY,183
ZU-A-AGZ,"B Sc Augmented (Geography
and Zoology)",19. SCIENCE AND MATHEMATICS,UNIVERSITIES AND UNIVERSITIES OF TECHNOLOGY,184
ZU-A-AH1,"B Sc Augmented (Human
Movement Science and Physics)",19. SCIENCE AND MATHEMATICS,UNIVERSITIES AND UNIVERSITIES OF TECHNOLOGY,184
ZU-A-AHM,"B Sc Augmented (Hydrology
and Microbiology)",19. SCIENCE AND MATHEMATICS,UNIVERSITIES AND UNIVERSITIES OF TECHNOLOGY,184
ZU-A-AH2,"B Sc Augmented (Hydrology
and Physics)",19. SCIENCE AND MATHEMATICS,UNIVERSITIES AND UNIVERSITIES OF TECHNOLOGY,184
ZU-A-AHY,"B Sc Augmented (Hydrology
and Statistics)",19. SCIENCE AND MATHEMATICS,UNIVERSITIES AND UNIVERSITIES OF TECHNOLOGY,184
ZU-A-AHZ,"B Sc Augmented (Hydrology
and Zoology)",19. SCIENCE AND MATHEMATICS,UNIVERSITIES AND UNIVERSITIES OF TECHNOLOGY,184
ZU-A-AM2,"B Sc Augmented (Mathematics
and Physics)",19. SCIENCE AND MATHEMATICS,UNIVERSITIES AND UNIVERSITIES OF TECHNOLOGY,184
ZU-A-AMT,"B Sc Augmented (Mathematics
and Statistics)",19. SCIENCE AND MATHEMATICS,UNIVERSITIES AND UNIVERSITIES OF TECHNOLOGY,184
ZU-A-AMO,"B Sc Augmented (Microbiology
and Human Movement Science)",19. SCIENCE AND MATHEMATICS,UNIVERSITIES AND UNIVERSITIES OF TECHNOLOGY,184
ZU-A-AM7,"B Sc Augmented (Microbiology
and Zoology)",19. SCIENCE AND MATHEMATICS,UNIVERSITIES AND UNIVERSITIES OF TECHNOLOGY,184
ZU-M-BBM,"B Sc Biochemistry with Botany
as Major 2",19. SCIENCE AND MATHEMATICS,UNIVERSITIES AND UNIVERSITIES OF TECHNOLOGY,185
ZU-M-BC3,"B Sc Biochemistry with
Chemistry as Major 2",19. SCIENCE AND MATHEMATICS,UNIVERSITIES AND UNIVERSITIES OF TECHNOLOGY,185
ZU-M-BH3,"B Sc Biochemistry with Human
Movement Science as Major 2",19. SCIENCE AND MATHEMATICS,UNIVERSITIES AND UNIVERSITIES OF TECHNOLOGY,185
ZU-M-BIM,"B Sc Biochemistry with
Microbiology as Major 2",19. SCIENCE AND MATHEMATICS,UNIVERSITIES AND UNIVERSITIES OF TECHNOLOGY,185
ZU-M-BZ3,"B Sc Biochemistry with Zoology
as Major 2",19. SCIENCE AND MATHEMATICS,UNIVERSITIES AND UNIVERSITIES OF TECHNOLOGY,185
ZU-M-BOG,"B Sc Botany with Geography
as Major 2",19. SCIENCE AND MATHEMATICS,UNIVERSITIES AND UNIVERSITIES OF TECHNOLOGY,185
ZU-M-BOH,"B Sc Botany with Hydrology as
Major 2",19. SCIENCE AND MATHEMATICS,UNIVERSITIES AND UNIVERSITIES OF TECHNOLOGY,185
ZU-M-BOM,"B Sc Botany with Microbiology
as Major 2",19. SCIENCE AND MATHEMATICS,UNIVERSITIES AND UNIVERSITIES OF TECHNOLOGY,186
ZU-M-BOZ,"B Sc Botany with Zoology as
Major 2",19. SCIENCE AND MATHEMATICS,UNIVERSITIES AND UNIVERSITIES OF TECHNOLOGY,186
KN-P-SIK,"B Sc Chemistry & Chemical
Technology",19. SCIENCE AND MATHEMATICS,UNIVERSITIES AND UNIVERSITIES OF TECHNOLOGY,186
ZU-M-CHC,"B Sc Chemistry with Computer
Science as Major 2",19. SCIENCE AND MATHEMATICS,UNIVERSITIES AND UNIVERSITIES OF TECHNOLOGY,186
ZU-M-CHH,"B Sc Chemistry with Hydrology
as Major 2",19. SCIENCE AND MATHEMATICS,UNIVERSITIES AND UNIVERSITIES OF TECHNOLOGY,186
ZU-M-CHM,"B Sc Chemistry with
Mathematics as Major 2",19. SCIENCE AND MATHEMATICS,UNIVERSITIES AND UNIVERSITIES OF TECHNOLOGY,186
ZU-M-CHP,"B Sc Chemistry with Physics as
Major 2",19. SCIENCE AND MATHEMATICS,UNIVERSITIES AND UNIVERSITIES OF TECHNOLOGY,186
ZU-M-CZM,"B Sc Chemistry with Zoology
as Major 2",19. SCIENCE AND MATHEMATICS,UNIVERSITIES AND UNIVERSITIES OF TECHNOLOGY,186
ZU-M-CSH,"B Sc Computer Science with
Hydrology as Major 2",19. SCIENCE AND MATHEMATICS,UNIVERSITIES AND UNIVERSITIES OF TECHNOLOGY,186
ZU-M-CSC,"B Sc Computer Science with
Mathematics as Major 2",19. SCIENCE AND MATHEMATICS,UNIVERSITIES AND UNIVERSITIES OF TECHNOLOGY,186
ZU-M-COS,"B Sc Computer Science with
Statistics as Major 2",19. SCIENCE AND MATHEMATICS,UNIVERSITIES AND UNIVERSITIES OF TECHNOLOGY,186
ZU-M-GEH,"B Sc Geography with
Hydrology as Major 2",19. SCIENCE AND MATHEMATICS,UNIVERSITIES AND UNIVERSITIES OF TECHNOLOGY,187
ZU-M-GEP,"B Sc Geography with Physics
as Major 2",19. SCIENCE AND MATHEMATICS,UNIVERSITIES AND UNIVERSITIES OF TECHNOLOGY,187
ZU-M-GES,"B Sc Geography with Statistics
as Major 2",19. SCIENCE AND MATHEMATICS,UNIVERSITIES AND UNIVERSITIES OF TECHNOLOGY,187
ZU-M-GEZ,"B Sc Geography with Zoology
as Major 2",19. SCIENCE AND MATHEMATICS,UNIVERSITIES AND UNIVERSITIES OF TECHNOLOGY,187
KN-W-BSG,B Sc Geological Sciences,19. SCIENCE AND MATHEMATICS,UNIVERSITIES AND UNIVERSITIES OF TECHNOLOGY,187
ZU-M-HMP,"B Sc Human Movement Science
with Physics as Major 2",19. SCIENCE AND MATHEMATICS,UNIVERSITIES AND UNIVERSITIES OF TECHNOLOGY,187
ZU-M-HYM,"B Sc Hydrology with
Microbiology as Major 2",19. SCIENCE AND MATHEMATICS,UNIVERSITIES AND UNIVERSITIES OF TECHNOLOGY,187
ZU-M-HYP,"B Sc Hydrology with Physics as
Major 2",19. SCIENCE AND MATHEMATICS,UNIVERSITIES AND UNIVERSITIES OF TECHNOLOGY,187
ZU-M-HYS,"B Sc Hydrology with Statistics
as Major 2",19. SCIENCE AND MATHEMATICS,UNIVERSITIES AND UNIVERSITIES OF TECHNOLOGY,187
ZU-M-HYZ,"B Sc Hydrology with Zoology
as Major 2",19. SCIENCE AND MATHEMATICS,UNIVERSITIES AND UNIVERSITIES OF TECHNOLOGY,187
DU-D-BSY,"Bachelor of Applied Science in
Industrial Chemistry",19. SCIENCE AND MATHEMATICS,UNIVERSITIES AND UNIVERSITIES OF TECHNOLOGY,188
ZU-M-B6M,"B Sc Foundation (Applied
Mathematics & Physics)",19. SCIENCE AND MATHEMATICS,UNIVERSITIES AND UNIVERSITIES OF TECHNOLOGY,188
ZU-M-B6B,"B Sc Foundation (Biochemistry
& Botany)",19. SCIENCE AND MATHEMATICS,UNIVERSITIES AND UNIVERSITIES OF TECHNOLOGY,188
ZU-M-B6I,"B Sc Foundation (Biochemistry
& Microbiology)",19. SCIENCE AND MATHEMATICS,UNIVERSITIES AND UNIVERSITIES OF TECHNOLOGY,188
ZU-M-B6Z,"B Sc Foundation (Biochemistry
& Zoology)",19. SCIENCE AND MATHEMATICS,UNIVERSITIES AND UNIVERSITIES OF TECHNOLOGY,188
ZU-M-B6T,"B Sc Foundation (Botany &
Microbiology)",19. SCIENCE AND MATHEMATICS,UNIVERSITIES AND UNIVERSITIES OF TECHNOLOGY,188
ZU-M-B6Y,B Sc Foundation (Botany & Zoology),19. SCIENCE AND MATHEMATICS,UNIVERSITIES AND UNIVERSITIES OF TECHNOLOGY,188
ZU-M-B6E,"B Sc Foundation (Chemistry &
Mathematics)",19. SCIENCE AND MATHEMATICS,UNIVERSITIES AND UNIVERSITIES OF TECHNOLOGY,188
ZU-M-B6P,B Sc Foundation (Chemistry & Physics),19. SCIENCE AND MATHEMATICS,UNIVERSITIES AND UNIVERSITIES OF TECHNOLOGY,188
ZU-M-B6O,B Sc Foundation (Chemistry & Zoology),19. SCIENCE AND MATHEMATICS,UNIVERSITIES AND UNIVERSITIES OF TECHNOLOGY,188
ZU-M-B6H,B Sc Foundation (Mathematics & Physics),19. SCIENCE AND MATHEMATICS,UNIVERSITIES AND UNIVERSITIES OF TECHNOLOGY,188
ZU-M-B6C,"B Sc Foundation (Biochemistry &
Chemistry)",19. SCIENCE AND MATHEMATICS,UNIVERSITIES AND UNIVERSITIES OF TECHNOLOGY,188
ZU-M-B6G,"B Sc Foundation (Microbiology &
Zoology)",19. SCIENCE AND MATHEMATICS,UNIVERSITIES AND UNIVERSITIES OF TECHNOLOGY,188
DU-D-CH3,"Diploma in Analytical
Chemistry",19. SCIENCE AND MATHEMATICS,UNIVERSITIES AND UNIVERSITIES OF TECHNOLOGY,189
MN-M-DAN,"Diploma in Analytical
Chemistry",19. SCIENCE AND MATHEMATICS,UNIVERSITIES AND UNIVERSITIES OF TECHNOLOGY,189
DU-D-HAS,"Higher Certificate:
Applied Sciences",19. SCIENCE AND MATHEMATICS,UNIVERSITIES AND UNIVERSITIES OF TECHNOLOGY,189
MN-M-AD5,"Adv Diploma in Analytical
Chemistry",19. SCIENCE AND MATHEMATICS,UNIVERSITIES AND UNIVERSITIES OF TECHNOLOGY,189
MN-M-ANA,"Access Course Analytical
Chemistry",19. SCIENCE AND MATHEMATICS,UNIVERSITIES AND UNIVERSITIES OF TECHNOLOGY,190
PE-M-BSC,"Bachelor of Science in
Biotechnology Management",19. SCIENCE AND MATHEMATICS,PRIVATE COLLEGES,190
ZU-M-ABS,B A (Development Studies),20. SERVICES TO THE COMMUNITY,UNIVERSITIES AND UNIVERSITIES OF TECHNOLOGY,191
ZU-M-ARK,B A (Information Science),20. SERVICES TO THE COMMUNITY,UNIVERSITIES AND UNIVERSITIES OF TECHNOLOGY,191
DU-D-CYC,B Child & Youth Care,20. SERVICES TO THE COMMUNITY,UNIVERSITIES AND UNIVERSITIES OF TECHNOLOGY,191
DU-D-EVH,"B Health Science:
Environmental Health",20. SERVICES TO THE COMMUNITY,UNIVERSITIES AND UNIVERSITIES OF TECHNOLOGY,191
ZU-M-BLI,B Library & Information Science,20. SERVICES TO THE COMMUNITY,UNIVERSITIES AND UNIVERSITIES OF TECHNOLOGY,191
KN-H-BSX,B Social Work,20. SERVICES TO THE COMMUNITY,UNIVERSITIES AND UNIVERSITIES OF TECHNOLOGY,192
ZU-M-BSX,B Social Work,20. SERVICES TO THE COMMUNITY,UNIVERSITIES AND UNIVERSITIES OF TECHNOLOGY,192
KN-W-BRT,B Sports Science,20. SERVICES TO THE COMMUNITY,UNIVERSITIES AND UNIVERSITIES OF TECHNOLOGY,192
KN-P-BTH,B Theology,20. SERVICES TO THE COMMUNITY,UNIVERSITIES AND UNIVERSITIES OF TECHNOLOGY,192
MN-M-BE4,"Bachelor of Science in
Environmental Health",20. SERVICES TO THE COMMUNITY,UNIVERSITIES AND UNIVERSITIES OF TECHNOLOGY,192
DU-D-LS3,"Diploma in Library and
Information Studies",20. SERVICES TO THE COMMUNITY,UNIVERSITIES AND UNIVERSITIES OF TECHNOLOGY,193
ZU-R-SET,"Dip Sport & Exercise
Technology",20. SERVICES TO THE COMMUNITY,UNIVERSITIES AND UNIVERSITIES OF TECHNOLOGY,193
RB-D-PHS,"H Cert Healthcare Services
Management",20. SERVICES TO THE COMMUNITY,PRIVATE COLLEGES,193
MC-D-HHM,"Higher Certificate in Healthcare
Management",20. SERVICES TO THE COMMUNITY,PRIVATE COLLEGES,193
KN-P-ABI,B A International Studies,21. SOCIAL SCIENCES/LEGAL SERVICES,UNIVERSITIES AND UNIVERSITIES OF TECHNOLOGY,194
KN-H-ABP,"B A Philosophy, Politics & Law",21. SOCIAL SCIENCES/LEGAL SERVICES,UNIVERSITIES AND UNIVERSITIES OF TECHNOLOGY,194
ZU-M-ARD,B A Sociology,21. SOCIAL SCIENCES/LEGAL SERVICES,UNIVERSITIES AND UNIVERSITIES OF TECHNOLOGY,194
KN-H-BL1,B Laws,21. SOCIAL SCIENCES/LEGAL SERVICES,UNIVERSITIES AND UNIVERSITIES OF TECHNOLOGY,194
ZU-M-BL1,B Laws,21. SOCIAL SCIENCES/LEGAL SERVICES,UNIVERSITIES AND UNIVERSITIES OF TECHNOLOGY,195
KN-H-BLZ,B Laws (p/t),21. SOCIAL SCIENCES/LEGAL SERVICES,UNIVERSITIES AND UNIVERSITIES OF TECHNOLOGY,195
KN-H-SO2,B Soc Sc (General Studies),21. SOCIAL SCIENCES/LEGAL SERVICES,UNIVERSITIES AND UNIVERSITIES OF TECHNOLOGY,195
KN-H-SO4,"B Soc Sc Extended Curriculum
(4 yrs)",21. SOCIAL SCIENCES/LEGAL SERVICES,UNIVERSITIES AND UNIVERSITIES OF TECHNOLOGY,195
KN-P-SOG,"B Soc Sc Government,
Business & Ethics",21. SOCIAL SCIENCES/LEGAL SERVICES,UNIVERSITIES AND UNIVERSITIES OF TECHNOLOGY,195
ZU-M-PIS,"Bachelor of Social Sciences
in Political and International
Studies",21. SOCIAL SCIENCES/LEGAL SERVICES,UNIVERSITIES AND UNIVERSITIES OF TECHNOLOGY,196
EM-X-BCL,B Com Law,21. SOCIAL SCIENCES/LEGAL SERVICES,PRIVATE COLLEGES,196
RB-D-BCL,B Com Law,21. SOCIAL SCIENCES/LEGAL SERVICES,PRIVATE COLLEGES,196
EM-X-BAL,Bachelor of Arts in Law,21. SOCIAL SCIENCES/LEGAL SERVICES,PRIVATE COLLEGES,196
PE-B-BIL,Bachelor of Commerce in Law,21. SOCIAL SCIENCES/LEGAL SERVICES,PRIVATE COLLEGES,197
PE-P-BLD,"Bachelor of Commerce in Law
(Distance Mode)",21. SOCIAL SCIENCES/LEGAL SERVICES,PRIVATE COLLEGES,197
RG-D-DLG,Diploma in Local Government,21. SOCIAL SCIENCES/LEGAL SERVICES,PRIVATE COLLEGES,197
BT-D-DPL,Diploma Paralegal,21. SOCIAL SCIENCES/LEGAL SERVICES,PRIVATE COLLEGES,197
RG-D-PLG,H Cert Local Government,21. SOCIAL SCIENCES/LEGAL SERVICES,PRIVATE COLLEGES,198
MC-D-HCP,H Cert Paralegal Studies,21. SOCIAL SCIENCES/LEGAL SERVICES,PRIVATE COLLEGES,198
EM-X-HCP,H Cert Paralegal Studies,21. SOCIAL SCIENCES/LEGAL SERVICES,PRIVATE COLLEGES,198
EM-X-BLL,Bachelor of Laws (LLB) (Honours),21. SOCIAL SCIENCES/LEGAL SERVICES,PRIVATE COLLEGES,198
DU-D-CLM,"Diploma in Clothing
Management",22. TECHNOLOGY/PROCESSING,UNIVERSITIES AND UNIVERSITIES OF TECHNOLOGY,199
DU-D-DPP,"Diploma in Pulp and Paper
Technology",22. TECHNOLOGY/PROCESSING,UNIVERSITIES AND UNIVERSITIES OF TECHNOLOGY,199
KN-H-ABT,B A Cultural & Heritage Tourism,23. TOURISM/HOSPITALITY,UNIVERSITIES AND UNIVERSITIES OF TECHNOLOGY,200
ZU-M-BPT,"B Consumer Science:
Hospitality & Tourism",23. TOURISM/HOSPITALITY,UNIVERSITIES AND UNIVERSITIES OF TECHNOLOGY,200
ZU-M-BTT,B Tourism Studies,23. TOURISM/HOSPITALITY,UNIVERSITIES AND UNIVERSITIES OF TECHNOLOGY,200
ZU-R-DHM,Dip Hospitality Management,23. TOURISM/HOSPITALITY,UNIVERSITIES AND UNIVERSITIES OF TECHNOLOGY,200
DU-D-CKM,"Diploma in Catering
Management",23. TOURISM/HOSPITALITY,UNIVERSITIES AND UNIVERSITIES OF TECHNOLOGY,200
DU-D-DFN,"Diploma in Consumer Sciences
in Food and Nutrition",23. TOURISM/HOSPITALITY,UNIVERSITIES AND UNIVERSITIES OF TECHNOLOGY,201
DU-D-HPM,"Diploma in Hospitality
Management",23. TOURISM/HOSPITALITY,UNIVERSITIES AND UNIVERSITIES OF TECHNOLOGY,201
DU-D-DTM,"Diploma in Tourism
Management",23. TOURISM/HOSPITALITY,UNIVERSITIES AND UNIVERSITIES OF TECHNOLOGY,201
ZU-R-TM1,"Diploma in Tourism
Management",23. TOURISM/HOSPITALITY,UNIVERSITIES AND UNIVERSITIES OF TECHNOLOGY,202
DU-P-ET3,Dip in Ecotourism,23. TOURISM/HOSPITALITY,UNIVERSITIES AND UNIVERSITIES OF TECHNOLOGY,202
MC-D-THM,"B Com Tourism and Hospitality
Management",23. TOURISM/HOSPITALITY,PRIVATE COLLEGES,202
PE-M-MTC,"Bachelor of Commerce in
Tourism Management",23. TOURISM/HOSPITALITY,PRIVATE COLLEGES,203
BC-D-DHT,"Diploma in Hospitality
Management",23. TOURISM/HOSPITALITY,PRIVATE COLLEGES,203
MC-D-PET,H Cert Event Management,23. TOURISM/HOSPITALITY,PRIVATE COLLEGES,204
BT-D-CSE,"Cert Sports and Event
Management",23. TOURISM/HOSPITALITY,PRIVATE COLLEGES,204
BT-D-NHC,"N N Dip Hospitality and
Catering",23. TOURISM/HOSPITALITY,PRIVATE COLLEGES,204
BT-D-NTR,N N Dip Travel and Tourism,23. TOURISM/HOSPITALITY,PRIVATE COLLEGES,204
PX-D-HCD,"National N Diploma: Hospitality
and Catering Services (NQF6)",23. TOURISM/HOSPITALITY,PRIVATE COLLEGES,205
PX-D-TOD,"National N Diploma: Tourism
(NQF6)",23. TOURISM/HOSPITALITY,PRIVATE COLLEGES,205
DC-B-PTU,"N Cert Tourism
N4, N5, N6",23. TOURISM/HOSPITALITY,PRIVATE COLLEGES,205
DC-B-PTY,"N Cert Tourism
N4, N5, N6 (p/t)",23. TOURISM/HOSPITALITY,PRIVATE COLLEGES,205
PX-D-HCC,"National Certificate: Hospitality
and Catering Service
(N4, N5, N6)",23. TOURISM/HOSPITALITY,PRIVATE COLLEGES,205
PX-D-TOC,"National Certificate: Tourism
(N4, N5, N6)",23. TOURISM/HOSPITALITY,PRIVATE COLLEGES,205
ZU-R-LM3,Dip Logistics Management,24. TRANSPORT,UNIVERSITIES AND UNIVERSITIES OF TECHNOLOGY,206
DU-D-SL3,Dip Shipping & Logistics,24. TRANSPORT,UNIVERSITIES AND UNIVERSITIES OF TECHNOLOGY,206
ZU-R-TP3,Dip Transport Management,24. TRANSPORT,UNIVERSITIES AND UNIVERSITIES OF TECHNOLOGY,206
DU-D-NS3,Diploma in Nautical Science,24. TRANSPORT,UNIVERSITIES AND UNIVERSITIES OF TECHNOLOGY,206
BC-D-HMS,"Higher Certificate in Maritime
Studies",24. TRANSPORT,PRIVATE COLLEGES,207
KN-P-AAV,B A Visual Art,25. VISUAL ARTS/DESIGN,UNIVERSITIES AND UNIVERSITIES OF TECHNOLOGY,208
DU-D-COP,"Bachelor of Applied Arts in
Commercial Photography",25. VISUAL ARTS/DESIGN,UNIVERSITIES AND UNIVERSITIES OF TECHNOLOGY,208
DU-C-SAT,"Bachelor of Applied Arts in
Screen Arts and Technology",25. VISUAL ARTS/DESIGN,UNIVERSITIES AND UNIVERSITIES OF TECHNOLOGY,208
DU-C-BDG,"Bachelor of Design in Visual
Communication Design /
Graphic Design",25. VISUAL ARTS/DESIGN,UNIVERSITIES AND UNIVERSITIES OF TECHNOLOGY,208
DU-B-DIF,Diploma in Fashion Design,25. VISUAL ARTS/DESIGN,UNIVERSITIES AND UNIVERSITIES OF TECHNOLOGY,209
DU-C-DFA,Diploma in Fine Art,25. VISUAL ARTS/DESIGN,UNIVERSITIES AND UNIVERSITIES OF TECHNOLOGY,209
DU-C-ID3,Diploma in Interior Design,25. VISUAL ARTS/DESIGN,UNIVERSITIES AND UNIVERSITIES OF TECHNOLOGY,209
DU-C-DJM,"Diploma in Jewellery Design
and Manufacture",25. VISUAL ARTS/DESIGN,UNIVERSITIES AND UNIVERSITIES OF TECHNOLOGY,209
EM-J-BOF,Bachelor of Arts in Fashion,25. VISUAL ARTS/DESIGN,PRIVATE COLLEGES,210
EM-J-BFN,"Bachelor of Commerce in
Fashion",25. VISUAL ARTS/DESIGN,PRIVATE COLLEGES,210
EM-B-BDA,"Bachelor of Applied Arts in 3D
Animation",25. VISUAL ARTS/DESIGN,PRIVATE COLLEGES,210
EM-B-BAV,"Bachelor of Arts in Visual
Communication Design",25. VISUAL ARTS/DESIGN,PRIVATE COLLEGES,210
BT-D-DPC,"Dip: Dressmaking and Pattern
Cutting (Fashion Design)",25. VISUAL ARTS/DESIGN,PRIVATE COLLEGES,211
AA-B-DVC,"Diploma in Visual
Communication",25. VISUAL ARTS/DESIGN,PRIVATE COLLEGES,211
EM-B-DA3,Diploma in 3D Animation,25. VISUAL ARTS/DESIGN,PRIVATE COLLEGES,211
EM-H-DCL,Diploma in Clothing Production,25. VISUAL ARTS/DESIGN,PRIVATE COLLEGES,211
IS-D-DTG,"Cert Design Techniques:
Graphic Design ACA",25. VISUAL ARTS/DESIGN,PRIVATE COLLEGES,212
IS-D-IMG,"N Cert Interactive Media:
Graphic Design ACA",25. VISUAL ARTS/DESIGN,PRIVATE COLLEGES,212
BT-D-CPT,Cert Photography,25. VISUAL ARTS/DESIGN,PRIVATE COLLEGES,212
AA-B-VCM,"H Cert in Visual
Communications",25. VISUAL ARTS/DESIGN,PRIVATE COLLEGES,212
EM-J-PPH,H Cert Photography,25. VISUAL ARTS/DESIGN,PRIVATE COLLEGES,212
PE-B-HAD,"Higher Certificate in Art and
Design",25. VISUAL ARTS/DESIGN,PRIVATE COLLEGES,212
EM-J-BHF,"Bachelor of Arts in Fashion
(Honours)",25. VISUAL ARTS/DESIGN,PRIVATE COLLEGES,213
EM-J-HFN,Higher Certificate in Fashion,25. VISUAL ARTS/DESIGN,PRIVATE COLLEGES,213
EM-B-HCG,"Higher Certificate in Graphic
Web Design",25. VISUAL ARTS/DESIGN,PRIVATE COLLEGES,213
EM-J-HFT,"Higher Certificate in Film and
TV Make-up Design",25. VISUAL ARTS/DESIGN,PRIVATE COLLEGES,213
